INDEX,COMMIT_ID,POM_FILE,BUILD_SUCCESSFUL,EXCEPTION,COMPONENT,ACTION
0,278f2a0eb690d9f5f4944965ee15788ff9b396fc,false,false,,,
1,84ddfdf056547f626643dddfe5f42c62e611e5d8,false,false,,,
2,f401f9b0d3df4eaf27610c376577b9ef8d117c3b,false,false,,,
3,5f75f8af1259fd47856fc8234a6d30a75e3a1a76,false,false,,,
4,4c5d5ddc2171da130f3c4f2735fc44357910848e,false,false,,,
5,1f8bae46c37418b78505e746462bfaff4410b535,false,false,,,
6,5b0b8d307805b819e0a9e44e9b73f9dfb92452ce,true,false,ArtifactResolutionException,artifact,resolution
7,4ddd86665352995c1572e10cbe83fb2722040758,true,false,ArtifactResolutionException,artifact,resolution
8,b2a552fbc1a29de4cd647766175e0b495d03fd48,true,false,ArtifactResolutionException,artifact,resolution
9,7ef5d9d6ab9a82ed9160ffed90a31dad603fcaa1,true,false,ArtifactResolutionException,artifact,resolution
10,f49b39897d8f3a1770de13721bbc2c7722a3b9f9,true,false,ArtifactResolutionException,artifact,resolution
11,71ffdaf0f9b2d2864678f139991181d27615e96c,true,false,ArtifactResolutionException,artifact,resolution
12,d1e47af321af901fd7269190260a76626e01e6ff,true,false,ArtifactResolutionException,artifact,resolution
13,0663c092906a382f4ee4e0eedb12c3da9a99a0a9,true,false,ArtifactResolutionException,artifact,resolution
14,268aefd376bf414849c71bcc432e67a214854bf1,true,false,ArtifactResolutionException,artifact,resolution
15,b9a8dcea93bdb08e774e7a84ca0ed7f8b6ca6292,true,false,ArtifactResolutionException,artifact,resolution
16,a55c46f92e6f8b9cc482b8b30ab575c41924c2a9,true,false,ArtifactResolutionException,artifact,resolution
17,550ec50636d517530a61b7c8ae77433f008fd0f2,true,false,ArtifactResolutionException,artifact,resolution
18,3183603925cc76e6007cf631498af504f911d21c,true,false,ArtifactResolutionException,artifact,resolution
19,e1465a9ed6c96e33c884bdae30c690d909b9b3b9,true,false,ArtifactResolutionException,artifact,resolution
20,b244dbb7a37c0e7ebafa7202f41cd1843b1419d4,true,false,ArtifactResolutionException,artifact,resolution
21,1de012fb4d31a6b52e97f9c4400d90bb34bb53fb,true,false,ArtifactResolutionException,artifact,resolution
22,5e3ead1a07cab5aaebe56b8880debfdadc68530a,true,false,ArtifactResolutionException,artifact,resolution
23,95adb968965b52e615d5dac4d0ef590e1c5a525f,true,false,ArtifactResolutionException,artifact,resolution
24,5d4d90aa33dfe7fdc440fac72ccc93bef724e257,true,false,ArtifactResolutionException,artifact,resolution
25,1a2df781fb63caf3b5f5626b664ce8bf6827de13,true,false,ArtifactResolutionException,artifact,resolution
26,b441646034a61add519b275297e1d67f59d4a0fe,true,false,ArtifactResolutionException,artifact,resolution
27,1d694137dc51cb67d799598b3a020f281672b24c,true,false,ArtifactResolutionException,artifact,resolution
28,7e65a638e667e6089fede37c8171cbcac74d04f6,true,false,ArtifactResolutionException,artifact,resolution
29,ba56f7b712f97fdb4e126b651d9470dd505471d9,true,false,ArtifactResolutionException,artifact,resolution
30,45c2a304f9aff47181c975563fc7b050c7239952,true,false,ArtifactResolutionException,artifact,resolution
31,78832c703b76906feb4282b9dbf3e2309c90a66b,true,false,ArtifactResolutionException,artifact,resolution
32,19e5bcbe90efa6bc978eae902c0bc6070aed051c,true,false,ArtifactResolutionException,artifact,resolution
33,aeea5420c63f819b146550577fa0fc69a15b3500,true,false,ArtifactResolutionException,artifact,resolution
34,b8cc4f464072dedd86b5c8d319a834cfefa5beb1,true,false,ArtifactResolutionException,artifact,resolution
35,4eb586c0b02dbdebb1866cc37aee90f86733300d,true,false,ArtifactResolutionException,artifact,resolution
36,9dd47faf9e76f82a15d32842b2596796547131c8,true,false,ArtifactResolutionException,artifact,resolution
37,ce45bbbd08c08501eddc67a3481a4493c558c183,true,false,ArtifactResolutionException,artifact,resolution
38,47e7d6bbaa4b6daac716cc6535b246d3b963d8e6,true,false,ArtifactResolutionException,artifact,resolution
39,f7a3f9108172bd74f32855dfa1836e1aff04099d,true,false,ArtifactResolutionException,artifact,resolution
40,80486767228c9dcf89561968f1192324d8bf0b2c,true,false,ArtifactResolutionException,artifact,resolution
41,5fbb19557b2c8f1b0cce85341cb2cda7bf511c6c,true,false,ArtifactResolutionException,artifact,resolution
42,c70458e30a4b58e3f8a16b1874cd70c1447061ac,true,false,ArtifactResolutionException,artifact,resolution
43,d0b2fdff13ad1a8c208dd08eaab4bb32e3c0b024,true,false,ArtifactResolutionException,artifact,resolution
44,b79ef15d8e4d6c0496b19db7a05623f58807f655,true,false,ArtifactResolutionException,artifact,resolution
45,71ed291cc340054167297f3c0e8cf47e27187e34,true,false,ArtifactResolutionException,artifact,resolution
46,1425a3741e081c3c9286f6ba1acf9121fd147ce5,true,false,ArtifactResolutionException,artifact,resolution
47,eb2673f2a3ce041b7c216b54e4fe0682f521169c,true,false,ArtifactResolutionException,artifact,resolution
48,3b3a05babb138fd99737abaa877170b6889b7b29,true,false,ArtifactResolutionException,artifact,resolution
49,c085e990b1f61bd2307d5876a057fa7c03e08058,true,false,ArtifactResolutionException,artifact,resolution
50,9c5475239485398a0246bdf9cb8156df7aab84dc,true,false,ArtifactResolutionException,artifact,resolution
51,4f74421352dd78683a4c13fc8e9bc3653c0e91bd,true,false,ArtifactResolutionException,artifact,resolution
52,6461e60f150a286e8a635da580ebffb77c83059f,true,false,ArtifactResolutionException,artifact,resolution
53,bbdcdcd2222709a076130324b9a2c2788987e753,true,false,ArtifactResolutionException,artifact,resolution
54,7aedfe3c7926a9966bd34238a15c4ebd973fa3e4,true,false,ArtifactResolutionException,artifact,resolution
55,519c76198b44baf4db609be2d4580802af785679,true,false,ArtifactResolutionException,artifact,resolution
56,b2cc8bf07ec18eb920fb13ed827dd386869bbdc3,true,false,ArtifactResolutionException,artifact,resolution
57,76aeadad18be14baa6726cf37cc4d68ba3d84c5e,true,false,ArtifactResolutionException,artifact,resolution
58,79153952f6887010d7dffcd739d27f2ba15a0dd8,true,false,ArtifactResolutionException,artifact,resolution
59,3de653baa8dc5a65b3230d14a2eaffff6c01bc01,true,false,ArtifactResolutionException,artifact,resolution
60,98f6f2afe35bd25f9ce1162205d69d965352583b,true,false,ArtifactResolutionException,artifact,resolution
61,66512410e2ee04e137fe9ccfff0c7a1ade10309a,true,false,ArtifactResolutionException,artifact,resolution
62,59a293fb039dfae19cfa78e9690195f76838b914,true,false,ArtifactResolutionException,artifact,resolution
63,0215b291b3d436fdea48e07b640126ddaa6b5701,true,false,ArtifactResolutionException,artifact,resolution
64,10f0683ec87fd4057513d42c3629f68093214ae2,true,false,ArtifactResolutionException,artifact,resolution
65,cb01c4059eb1ffa1992318129574b668ea161173,true,false,ArtifactResolutionException,artifact,resolution
66,7e1aa2199753964858b110fd6fdbf01581b469bf,true,false,ArtifactResolutionException,artifact,resolution
67,195dbcf409f580a663ddd68071a5ae130ac02d83,true,false,ArtifactResolutionException,artifact,resolution
68,fa884b17211ee4817f1e476a0555fb7bb1e2f9be,true,false,ArtifactResolutionException,artifact,resolution
69,7927a65ee073ae33b7dce3289374e0ecde933192,true,false,ArtifactResolutionException,artifact,resolution
70,4509b66c3096eda0882ddee554bd077157d7dfc8,true,false,ArtifactResolutionException,artifact,resolution
71,ceeb527e29d558ada4e6434f26a3aab18f370af3,true,false,ArtifactResolutionException,artifact,resolution
72,8729e99f6161a366c99ce1a462504ca3295ed61b,true,false,ArtifactResolutionException,artifact,resolution
73,7475f5f3d8941a3def0323e8bccdb80619f6eabe,true,false,ArtifactResolutionException,artifact,resolution
74,5527f9900ba2672932d94f4124d55f5888e3c12d,true,false,ArtifactResolutionException,artifact,resolution
75,994de62fb93c9b9581785ceac914ad0e0f640bcb,true,false,ArtifactResolutionException,artifact,resolution
76,28e217619fbf7f72ab8575ec366e2b260f2e0851,true,false,ArtifactResolutionException,artifact,resolution
77,2ffacd6fa1fdb7a3a9606e1a4ae18ade3125ab26,true,false,ArtifactResolutionException,artifact,resolution
78,b7f68042a2299e604667dcc40f7daec0f0f86cd6,true,false,ArtifactResolutionException,artifact,resolution
79,8bf682da38567d618965a0487b64bd2aa86d027d,true,false,ArtifactResolutionException,artifact,resolution
80,2cf7061314409f29747edcb41006a832bcbb573f,true,false,ArtifactResolutionException,artifact,resolution
81,4ffff5ed53cb2f501e80ddeff6f4e9580cad57fb,true,false,ArtifactResolutionException,artifact,resolution
82,13022b89cdeb64211c6b94873fce6577bb2ec021,true,false,ArtifactResolutionException,artifact,resolution
83,d610fc9a43bdcc91b6a5e15775b8a467cee2e5d5,true,false,ArtifactResolutionException,artifact,resolution
84,7579d5a69fb27fde90677be35079d7987efc12a6,true,false,ArtifactResolutionException,artifact,resolution
85,0e3cc436abe60a7e26f0442c330a0a8e976c1949,true,false,ArtifactResolutionException,artifact,resolution
86,a2c14966e9f1101598c5a92fbb139d08eb76719f,true,false,ArtifactResolutionException,artifact,resolution
87,5a64ef6a252380ba9c4a7c54bca7fbf347cc8d08,true,false,ArtifactResolutionException,artifact,resolution
88,622367ac891b2d39f26f907251f1cf36bd8980da,true,false,ArtifactResolutionException,artifact,resolution
89,4fc0495d7c7a59fd9e0520f5687eb313ef0c85b8,true,false,ArtifactResolutionException,artifact,resolution
90,817171e6134dc66fa4e9e992517c0d3f076b482e,true,false,ArtifactResolutionException,artifact,resolution
91,ae7107c5f72db2c2bf7f7880121a2e38d4eab694,true,false,ArtifactResolutionException,artifact,resolution
92,908462725d98d62d0128d589488e963b23da56f9,true,false,ArtifactResolutionException,artifact,resolution
93,1b5a128517e595b287481e418624aeb2f69e658a,true,false,ArtifactResolutionException,artifact,resolution
94,dc1646a05ccbe4b7d5724a687437a0e226a7ebb2,true,false,ArtifactResolutionException,artifact,resolution
95,39b5ca9ebd65281caa2f627b638e4c52c7b3686e,true,false,ArtifactResolutionException,artifact,resolution
96,51769b1afd307ec149db04d38c65fb14576d803d,true,false,ArtifactResolutionException,artifact,resolution
97,be9a2ea6466ba340735c816fbee6c2171891a311,true,false,ArtifactResolutionException,artifact,resolution
98,77c0f4ab5d639427c78dc3cf96ae8754ee87c5be,true,false,ArtifactResolutionException,artifact,resolution
99,0fbcfbf6570c2895aa8e912d8cb646e6329fbb76,true,false,ArtifactResolutionException,artifact,resolution
100,259d11bd358761b27d2d50afbfe610e2f78de1ec,true,false,ArtifactResolutionException,artifact,resolution
101,7cf0f23a124520b81aaca9113b59cbc267a58cfe,true,false,ArtifactResolutionException,artifact,resolution
102,e245b185e94196e210f8fe74441f0d1ba506dc26,true,false,ArtifactResolutionException,artifact,resolution
103,2ba1abb9b044ea0f56213f09b3744cba36fff623,true,false,ArtifactResolutionException,artifact,resolution
104,ac0bc00d0ff57d9691b254bd5858999366d5e3d4,true,false,ArtifactResolutionException,artifact,resolution
105,6e91a9fc62e0b4c99ba37e71e1bf57e8cf2f7356,true,false,ArtifactResolutionException,artifact,resolution
106,9adaad6efb50141685714dcf36b65718ebeb989b,true,false,ArtifactResolutionException,artifact,resolution
107,db0fbb677af6621d05808885ca6e2fc4272ad453,true,false,ArtifactResolutionException,artifact,resolution
108,2570defb4558c152d1a35acbaa623ac4c052eeef,true,false,ArtifactResolutionException,artifact,resolution
109,168654615d00b0c1d32eabb99c233e10ce4d2757,true,false,ArtifactResolutionException,artifact,resolution
110,dd1361118a78a7767ac78f37fcc6f3994a09c68d,true,false,ArtifactResolutionException,artifact,resolution
111,1843a23ee12ad3df97ffec9a4203e95687a100fc,true,false,ArtifactResolutionException,artifact,resolution
112,79cfab09694a653c14ac7606ecb60af3b71dc4db,true,false,ArtifactResolutionException,artifact,resolution
113,8936c6b31464d4cbc621ecf72a850b2662aa1c9a,true,false,ArtifactResolutionException,artifact,resolution
114,40995b8539f5cd9fbd71a6f7cad58d7de8a8ff4a,true,false,ArtifactResolutionException,artifact,resolution
115,510262c4ed4be34a0654ab96f4b150370754729d,true,false,ArtifactResolutionException,artifact,resolution
116,a6fe80627070ba0928699980855d95036d6defe5,true,false,ArtifactResolutionException,artifact,resolution
117,0a2480b6e107304fff72ebeb4af8e3afdc57c511,true,false,ArtifactResolutionException,artifact,resolution
118,c88e4dc58b544240c74628750c0f599c64878567,true,false,ArtifactResolutionException,artifact,resolution
119,1aae18cd21d88caa36c5fc1af9ea43eb72cf4b00,true,false,ArtifactResolutionException,artifact,resolution
120,8a219d99abc6dc1a2a672113aad99ca736146d56,true,false,ArtifactResolutionException,artifact,resolution
121,e4449bfe0124088b585855f6d4da12d537dafbc9,true,false,ArtifactResolutionException,artifact,resolution
122,330caa2863dece8dda34b0ade66ff98123310c57,true,false,ArtifactResolutionException,artifact,resolution
123,10e2162847515925ee018e9ef6ae75bf386530c8,true,false,ArtifactResolutionException,artifact,resolution
124,ad26099c515364facb38f23be7555f8080eb0eb4,true,false,ArtifactResolutionException,artifact,resolution
125,8c39e7528d93d7b1086696f5d65467f598a7fcba,true,false,ArtifactResolutionException,artifact,resolution
126,403a8e2220e2e9a36baa4e79434234be5fe8f516,true,false,ArtifactResolutionException,artifact,resolution
127,1f09c43be0f0e2c34a5bc1085d8bef8bb48cc043,true,false,ArtifactResolutionException,artifact,resolution
128,cdc176fdd356697e26d4a3452eab0d31a6c958b3,true,false,ArtifactResolutionException,artifact,resolution
129,cec20afb962c97824e102caf111b298cf533e160,true,false,ArtifactResolutionException,artifact,resolution
130,17172ecff688feef387c35c6f0240a4d9881e611,true,false,ArtifactResolutionException,artifact,resolution
131,ffa464781f1925b05d1b315c12daa4220252485a,true,false,ArtifactResolutionException,artifact,resolution
132,8cb635917373b840a2303566550c35088edfa75b,true,false,ArtifactResolutionException,artifact,resolution
133,67611a3e97ac73e4270da4b0b72c8027c67a182a,true,false,ArtifactResolutionException,artifact,resolution
134,02a214f099b81075a0269c215224f00d30d7f03e,true,false,ArtifactResolutionException,artifact,resolution
135,bfd1463b8626f620c75682f4b12feb1350f8b822,true,false,ArtifactResolutionException,artifact,resolution
136,fd81c3a1bfa5b054a6d7af2dd4ff3e31fbb4c263,true,false,ArtifactResolutionException,artifact,resolution
137,a94e6380dfe932ad4b7c40c1fc227fca112f1156,true,false,ArtifactResolutionException,artifact,resolution
138,bc9c5f86e748e5c61e9a44c1be9122f1d0195aed,true,false,ArtifactResolutionException,artifact,resolution
139,4c01b09dcbf23b0acc4a975aee4afa059da028d9,true,false,ArtifactResolutionException,artifact,resolution
140,2e747ca7a6974e50e57a0e5b2e03a156d2e49047,true,false,ArtifactResolutionException,artifact,resolution
141,ec1109a9bca05c8bf797095fbde6000aceae43d3,true,false,ArtifactResolutionException,artifact,resolution
142,2abfabe97a23d6451b4c891d0b48b79c305e4cfd,true,false,ArtifactResolutionException,artifact,resolution
143,61d68a10a2e3e7b7c2ec969abd73a3f7206aad2e,true,false,ArtifactResolutionException,artifact,resolution
144,b5d3319475f14dbfe4260b700066c7d006cd6708,true,false,ArtifactResolutionException,artifact,resolution
145,45fcabd3c97977edce18ae797f6babf22baafac3,true,false,ArtifactResolutionException,artifact,resolution
146,0314a1289a9e640e858b078f5a18bdb24adeabf1,true,false,ArtifactResolutionException,artifact,resolution
147,411abed8328d243ed105771e57d33dce4f3e687e,true,false,ArtifactResolutionException,artifact,resolution
148,b24d84cbd97d3087f1cdbe50d14ec3c22e5e8b99,true,false,ArtifactResolutionException,artifact,resolution
149,52784fc5017b63dc95853bb5f901667ebb1cdc50,true,false,ArtifactResolutionException,artifact,resolution
150,c53e1f40e349761acafa91341957893fe16be1dc,true,false,ArtifactResolutionException,artifact,resolution
151,2566d9a04f3b367b81d54ddb4b60c1ec83d1d37f,true,false,ArtifactResolutionException,artifact,resolution
152,c8924b346cfb5d4036d3ac1cfe7faf25973c3ec6,true,false,ArtifactResolutionException,artifact,resolution
153,9e1651f18f0b6af6e8f45435331e7608089b4bf8,true,false,ArtifactResolutionException,artifact,resolution
154,a4b2c617532d7fc8cbf44f8b1bc7912300cfff1f,true,false,ArtifactResolutionException,artifact,resolution
155,e3b1947915ed1d3638127e84e80e87a58ffee9fa,true,false,ArtifactResolutionException,artifact,resolution
156,8b913b63f3780a21ef64ae57363e2dc41397bae0,true,false,ArtifactResolutionException,artifact,resolution
157,bc86aeb78263eaa10477c26d5bf28cb760cde19b,true,false,ArtifactResolutionException,artifact,resolution
158,26dd7a35e18aa21a81d2d3a865a5513816eb877d,true,false,ArtifactResolutionException,artifact,resolution
159,90a8e162ea9c3ad0d9660fc0630fa6eaf8891620,true,false,ArtifactResolutionException,artifact,resolution
160,d427b22a1cf955be673eed57e74bb71d0832e798,true,false,ArtifactResolutionException,artifact,resolution
161,4be96e8fee3700fdb0499b3b2f5cc7a423a7198a,true,false,ArtifactResolutionException,artifact,resolution
162,10eeaef6d7caa34b3c6aeeea0a39f0614b16a925,true,false,ArtifactResolutionException,artifact,resolution
163,34d6bbd48fe0e77848a2d707bfbb7ddde7738484,true,false,ArtifactResolutionException,artifact,resolution
164,1faaa7706d141b561974940f341e578673dd1ab1,true,false,ArtifactResolutionException,artifact,resolution
165,45b54efb71e9702dea1875175625976b632a12cf,true,false,ArtifactResolutionException,artifact,resolution
166,e61ca4eef8a635452fcba0277e82d68681488c68,true,false,ArtifactResolutionException,artifact,resolution
167,0303d6f97b1e32484b9000e2c8ec9de09a6e22d5,true,false,ArtifactResolutionException,artifact,resolution
168,67a2a48be79630321feec62fe3a252a3b0795334,true,false,ArtifactResolutionException,artifact,resolution
169,2361e89b90f0209fb4577d3e45bf321c5a27fcda,true,false,ArtifactResolutionException,artifact,resolution
170,62279b32964dc8b6492c59e05a0a258ca8cbe687,true,false,ArtifactResolutionException,artifact,resolution
171,b77d7da90e67e63824110c1d61384c6693079431,true,false,ArtifactResolutionException,artifact,resolution
172,cf4c9660f4e915676351332d8fe6cf3da66267b7,true,false,ArtifactResolutionException,artifact,resolution
173,c5b1948c7d535ca28c2652f93ae3e00527eeb8b0,true,false,ArtifactResolutionException,artifact,resolution
174,bf08492f12b2a393f048b7f223b251a32ab7b9ea,true,false,ArtifactResolutionException,artifact,resolution
175,b3cbdb8b862ba3a1eec8e7325b4b057c054eb5dc,true,false,ArtifactResolutionException,artifact,resolution
176,f18af768b09eb6dc5a681b441f82d1911a623019,true,false,ArtifactResolutionException,artifact,resolution
177,0887fb3ec9c85414825afca84b23e1c6c3bf282f,true,false,ArtifactResolutionException,artifact,resolution
178,c73f14cbd7e19bb34558dfc6245534fc0df233aa,true,false,ArtifactResolutionException,artifact,resolution
179,cb61b533a3e8f880a199119da98deca1187eab4f,true,false,ArtifactResolutionException,artifact,resolution
180,ec3dcb8b4914d59519d3ccc44b9854ce2da63257,true,false,ArtifactResolutionException,artifact,resolution
181,26644e50feca9453e49036b0de0b71fa48a32deb,true,false,ArtifactResolutionException,artifact,resolution
182,5f7998e76b6e53a04064acf74975fe247a56c8f7,true,false,ArtifactResolutionException,artifact,resolution
183,9d7b70b8f0206488ac6b2f2c02cf94b393b97e34,true,false,ArtifactResolutionException,artifact,resolution
184,f03cd104bddce9f324c7277219a7b2611ab58369,true,false,ArtifactResolutionException,artifact,resolution
185,fb750b6122f367ce9ef9a9c624df9d7920cddda0,true,false,ArtifactResolutionException,artifact,resolution
186,7d9d7fa92f9441fdb5cbccef4d98f505f650d3bb,true,false,ArtifactResolutionException,artifact,resolution
187,30a46dc990dcb96cf6aa4ce18c5bcf4fd49ab318,true,false,ArtifactResolutionException,artifact,resolution
188,a0e8fe148e7c90a7ff4cfdb6030558594cd2c5a7,true,false,ArtifactResolutionException,artifact,resolution
189,788d2a21a85d9977e9b742df0ebe6d215fd0114a,true,false,ArtifactResolutionException,artifact,resolution
190,ab8ec41d14da7ce77b97fc387d4448b782fb5e20,true,false,ArtifactResolutionException,artifact,resolution
191,c6c4670950ee3b28eeb15fac417ff7ac53888cbc,true,false,ArtifactResolutionException,artifact,resolution
192,7ca10a210a2881c0b902913228d055c91d14b024,true,false,ArtifactResolutionException,artifact,resolution
193,0fb96bb7f02a9d55fdf9bdb152c90941c04f2634,true,false,ArtifactResolutionException,artifact,resolution
194,4d608f45bf5bf9f83d2fc372598673520372fe50,true,false,ArtifactResolutionException,artifact,resolution
195,950604a4cc74008d6f34e02d4eb9f328d4f6c8aa,true,false,ArtifactResolutionException,artifact,resolution
196,5ff765ba5da92044182f44277679f04515ae27d8,true,false,ArtifactResolutionException,artifact,resolution
197,baa04867b4099a6d036e93f1f969c6bc3ae60510,true,false,ArtifactResolutionException,artifact,resolution
198,54eb65176ebfccf43e459cc7e72117f6ae611282,true,false,ArtifactResolutionException,artifact,resolution
199,e92ca3c6ecd06a75a544cd1e6ffa2c2965e3fa7f,true,false,ArtifactResolutionException,artifact,resolution
200,204652b1a805bb72ecc55a725bc443b2f7970093,true,false,ArtifactResolutionException,artifact,resolution
201,4a0948996fd2bd89313ec527f445d09ab6eea691,true,false,ArtifactResolutionException,artifact,resolution
202,ac25143b7b5baf0e28824131729fc9a16515f0aa,true,false,ArtifactResolutionException,artifact,resolution
203,fa5d32b0cc32774110bac9d15850356677c59f81,true,false,ArtifactResolutionException,artifact,resolution
204,b100670c62978ec2c2784ec64e711f61d315e0ca,true,false,ArtifactResolutionException,artifact,resolution
205,77be0fa99294531033dc020473948f7135124f8e,true,false,ArtifactResolutionException,artifact,resolution
206,c388db75f1380235c3d649d520682789c8162765,true,false,ArtifactResolutionException,artifact,resolution
207,92d0a080a567781b7364840d820c6434fcd48a67,true,false,ArtifactResolutionException,artifact,resolution
208,f93aa054d7cc48ba3746ddd91a9ef1962365e42b,true,false,ArtifactResolutionException,artifact,resolution
209,3fb7e9edd3937436e934467e8e90f57f3ed0e1bc,true,false,ArtifactResolutionException,artifact,resolution
210,87065836b1b3596ed24cf1170ac94cf77e2455fa,true,false,ArtifactResolutionException,artifact,resolution
211,0b7abfd117c0fbb27fc1deb6458327aea774954a,true,false,ArtifactResolutionException,artifact,resolution
212,a2e04a54569d5c4363fe038608f74184dd3d9b53,true,false,ArtifactResolutionException,artifact,resolution
213,09a283ac4440c71c853968670a35c07243f8a9ed,true,false,ArtifactResolutionException,artifact,resolution
214,15fcb5d128bd358135087b255c1a17682a2f7b6f,true,false,ArtifactResolutionException,artifact,resolution
215,98def238d4f5da0c09b4f0de4492aae1ed1db772,true,false,ArtifactResolutionException,artifact,resolution
216,ef6091f88d626f2b6b95ce8bfcc5a378a37fa1fc,true,false,ArtifactResolutionException,artifact,resolution
217,73a0329ec270bdabc806f631adaece8b7f80c86d,true,false,ArtifactResolutionException,artifact,resolution
218,c870750ed4f4188c9259c3b4375ae21407af2174,true,false,ArtifactResolutionException,artifact,resolution
219,62794339072b3163068cd2a59545869714a3d085,true,false,ArtifactResolutionException,artifact,resolution
220,c49184aea6bcbffc78c19393095d289d279bef3b,true,false,ArtifactResolutionException,artifact,resolution
221,d73a1e31a86bec967e3d436dfd9c97234d97ebae,true,false,ArtifactResolutionException,artifact,resolution
222,d7a58ebd90e8f050498fba10b6e7deb29872550a,true,false,ArtifactResolutionException,artifact,resolution
223,d89bb89996473a25c8f81992b8c9d66c4c29998c,true,false,ArtifactResolutionException,artifact,resolution
224,0667ed5c04a33ab8fc81c407083b15eea5db274e,true,false,ArtifactResolutionException,artifact,resolution
225,b2bc483d795b3f561e2ebef1390c37ee7f6b73af,true,false,ArtifactResolutionException,artifact,resolution
226,99f6b5e3563efd7f7b7bb3d04ef7572638f2218c,true,false,ArtifactResolutionException,artifact,resolution
227,44bd63b02af22f7a91b4f5bde0d57c6fc7ffbb99,true,false,ArtifactResolutionException,artifact,resolution
228,3a0b60746fb8197962a0b55422b5ded67c33ee9c,true,false,ArtifactResolutionException,artifact,resolution
229,2a423a7717c1a2dfa7e3ec62a8dae1b431159087,true,false,ArtifactResolutionException,artifact,resolution
230,337580078d9f90b2b2b1555f7ff4ceb46b7a6131,true,false,ArtifactResolutionException,artifact,resolution
231,bd426720140c08bb0de1a2911e1de97b0a7b3edf,true,false,ArtifactResolutionException,artifact,resolution
232,9e46c8c1f37661aba085e8a51ae1195028acc8cd,true,false,ArtifactResolutionException,artifact,resolution
233,44b86ba27286ff350dda4b25c7d2d7b077baa431,true,false,ArtifactResolutionException,artifact,resolution
234,76b267322fe9856757e8f7bc6ec16f90cc4c7735,true,false,ArtifactResolutionException,artifact,resolution
235,a87047c17e7cd523236541fa8910db7b83fdb2ae,true,false,ArtifactResolutionException,artifact,resolution
236,d90a8e26887139beca8995bcc34e4e13648e0a2b,true,false,ArtifactResolutionException,artifact,resolution
237,49d0caf7c3160a862b292d2873a768ceeb2f9429,true,false,ArtifactResolutionException,artifact,resolution
238,7e8fe0d0c2707c13f8c3bbd3f74b82178226812b,true,false,ArtifactResolutionException,artifact,resolution
239,bb46c3dffe4b33b98d71d8d420fd2fff2dcee941,true,false,ArtifactResolutionException,artifact,resolution
240,401a1452de0db6325bedd4f807674b04664e464c,true,false,ArtifactResolutionException,artifact,resolution
241,8ad3f843db68308cfe576ce7510f17b29ce71eea,true,false,ArtifactResolutionException,artifact,resolution
242,da7919aa6986381a8f616f192f1e4ff1eb106e32,true,false,ArtifactResolutionException,artifact,resolution
243,e921df81c2d25fcd4e54b2ab13aaf3d79442f626,true,false,ArtifactResolutionException,artifact,resolution
244,0ae48adb8bfcb561d080b7b9244e2d0409383a67,true,false,ArtifactResolutionException,artifact,resolution
245,19b3fcb3cbf70b6604e4cf25bd3f0179f7a60c60,true,false,ArtifactResolutionException,artifact,resolution
246,091044e824983bfdb64b24bebf2c07e3e3e9a30f,true,false,ArtifactResolutionException,artifact,resolution
247,3feb4fb078b7b4125d04b1c4136d8bbe1fde2dc8,true,false,ArtifactResolutionException,artifact,resolution
248,e1c1a02f12295ae093027ee8577d03cf2cade8e3,true,false,ArtifactResolutionException,artifact,resolution
249,1bcb6158252157a8836b9508a082a3d6b54ee7c0,true,false,ArtifactResolutionException,artifact,resolution
250,b13b7d4b1f9ca2b2ebaf989b5055146fd3f827ea,true,false,ArtifactResolutionException,artifact,resolution
251,828b3a7ccb0ec4e737ff454f997d6c847eb1d761,true,false,ArtifactResolutionException,artifact,resolution
252,c6f2b36ddf73acee3ad656fd7f59ffa929068b92,true,false,ArtifactResolutionException,artifact,resolution
253,827eb8371a12f8b5775df7805abbe2756c3b2cfe,true,false,ArtifactResolutionException,artifact,resolution
254,bccd94ce0b9f1c75b534d703b16be05d8b4512a9,true,false,ArtifactResolutionException,artifact,resolution
255,2a06a31bd6618e6ff7f36dc9ea177c022554846b,true,false,ArtifactResolutionException,artifact,resolution
256,69129db10affe3684c668ff3ac250e0cfba0e904,true,false,ArtifactResolutionException,artifact,resolution
257,344720017234763cd9f86710d4f59ba215201f70,true,false,ArtifactResolutionException,artifact,resolution
258,d68a483fedab9617a27b18266469163c16d95edd,true,false,ArtifactResolutionException,artifact,resolution
259,0fb97b8f354b146fbf33070cd2d7f05e78d14776,true,false,ArtifactResolutionException,artifact,resolution
260,b41d81c648e71a2bf346f6e3c2d6cb334db931e8,true,false,ArtifactResolutionException,artifact,resolution
261,573f7b0d4f2272c5dd3def289232b7c4c89241b3,true,false,ArtifactResolutionException,artifact,resolution
262,7b7ba9e0dfc071d43cc9651609dc63dee049ba0f,true,false,ArtifactResolutionException,artifact,resolution
263,691e71d14f387c33b7143de043782371842e528a,true,false,ArtifactResolutionException,artifact,resolution
264,75d0d543ca257e2866d0cb62277dba1510377051,true,false,ArtifactResolutionException,artifact,resolution
265,9a8c409d9ca6563e7111db5b82ffe23cdbb698bb,true,false,ArtifactResolutionException,artifact,resolution
266,a5ec5dd152cdb77b80d0c52ad743c7394c32e79d,true,false,ArtifactResolutionException,artifact,resolution
267,7b854377835a4d2fe1fa75a362aa652e2ee820f5,true,false,ArtifactResolutionException,artifact,resolution
268,2e102fd25001412a36f07b8031f7e3adb09751cc,true,false,ArtifactResolutionException,artifact,resolution
269,26e80df717ca47ad619bdc9a63b60e82361c3548,true,false,ArtifactResolutionException,artifact,resolution
270,b8e87ae1699642b83be29350b904fd094cfb112d,true,false,ArtifactResolutionException,artifact,resolution
271,a620cc6140f697bf27a94349123678ce5af5058c,true,false,ArtifactResolutionException,artifact,resolution
272,6a2a6076d4f7b186c480e2ba15bac96d97725f32,true,false,ArtifactResolutionException,artifact,resolution
273,2022c10acd7ac37ed6b95bc3e595688729871784,true,false,ArtifactResolutionException,artifact,resolution
274,ffac8bfd6e302c6f414f3d10ce06987207c6ed40,true,false,ArtifactResolutionException,artifact,resolution
275,f401aeb192695cd5c7582e3f70868b20e58e6e04,true,false,ArtifactResolutionException,artifact,resolution
276,46d33c46c9cec1bfc5e55805cb12169dd7cbfce4,true,false,ArtifactResolutionException,artifact,resolution
277,37e1c5900c1bd94a1e719a6ede1c40ce6062a0ee,true,false,ArtifactResolutionException,artifact,resolution
278,59e141e7247aad651def0e5ecc002923af887ed1,true,false,ArtifactResolutionException,artifact,resolution
279,56076d7dcc2a222c86f06204190c5ce1dbfce017,true,false,ArtifactResolutionException,artifact,resolution
280,636684601a47105128226470f212c0c2619c1a53,true,false,ArtifactResolutionException,artifact,resolution
281,d9a632884b2a3b9662063c21c272e365276d9f42,true,false,ArtifactResolutionException,artifact,resolution
282,58e0ae278593e706586c03e9d9cc663f85c2d8d3,true,false,ArtifactResolutionException,artifact,resolution
283,ed6cf2fec955bced6b2b8c8bf532f0b31e02323f,true,false,ArtifactResolutionException,artifact,resolution
284,667004b103ef80fd1e68a75486d6a1bafdff007e,true,false,ArtifactResolutionException,artifact,resolution
285,c9120df3530b5d26d0a12924dac9d78a81eae021,true,false,ArtifactResolutionException,artifact,resolution
286,ba8080adbfe6694eea2491fa8247ba02a0acb187,true,false,ArtifactResolutionException,artifact,resolution
287,bf4e7a415c595e13205a48470f29fda1cb33dc0e,true,false,ArtifactResolutionException,artifact,resolution
288,b5b9c6f627bc3fee7fd0059f3b41ebc1a1500c4e,true,false,ArtifactResolutionException,artifact,resolution
289,54c55b01b9ceea0440ecd6ee7c38ad2c601bae0c,true,false,ArtifactResolutionException,artifact,resolution
290,c67994a85083472cf67ba55519a47a1ad5b15352,true,false,ArtifactResolutionException,artifact,resolution
291,c8589ecd0e4b5c19e15a35a67bf5eca300aaf646,true,false,ArtifactResolutionException,artifact,resolution
292,6f028cb627f8ad566c54761abfca3db42a89a497,true,false,ArtifactResolutionException,artifact,resolution
293,93868764b6bb073881fa44ae484adcb97d8cd056,true,false,ArtifactResolutionException,artifact,resolution
294,cdd5299c1d466879dcf457c48dd2c9171f97cd79,true,false,ArtifactResolutionException,artifact,resolution
295,fb4f39d3de608ec6fc9a8cc78aa65b90723751d5,true,false,ArtifactResolutionException,artifact,resolution
296,9cb0c14ca76bb7915867f0cbced9a3a034b2f428,true,false,ArtifactResolutionException,artifact,resolution
297,0f9ca23a38dd3bbcf5dc6b5ac99be3af6f55afa5,true,false,ArtifactResolutionException,artifact,resolution
298,d156464c2ac9315e2c3cc8f7b29a74348f7c7f2a,true,false,ArtifactResolutionException,artifact,resolution
299,897c9c973ce64eb8f967839edf78a55672ac3bdc,true,false,ArtifactResolutionException,artifact,resolution
300,ab2532c8cfde8fbb6a7e2fb9251c87f5040fcdef,true,false,ArtifactResolutionException,artifact,resolution
301,ba7c8be119fea5772a058b057fde943af9029d60,true,false,ArtifactResolutionException,artifact,resolution
302,8a8c578576370116f201c08fc382fb2f87960555,true,false,ArtifactResolutionException,artifact,resolution
303,9f26f4cb62e771eef51123bffacf7a4fb5d43ec5,true,false,ArtifactResolutionException,artifact,resolution
304,093fa6f53a0493d4484e4969b97f867f0d13acfd,true,false,ArtifactResolutionException,artifact,resolution
305,880ddb8653a383f1c426681ceb9325240c177af9,true,false,ArtifactResolutionException,artifact,resolution
306,57d701b94850130cf4aa02b7fe70c71f555bd323,true,false,ArtifactResolutionException,artifact,resolution
307,ed7f48e4f9774928b483c14f58a8e42c068c1727,true,false,ArtifactResolutionException,artifact,resolution
308,05f365ae4e43d12f68774fc5e102393da40723d1,true,false,ArtifactResolutionException,artifact,resolution
309,e7f98181a0d01c71e0b38d83a3299ef203b0bb42,true,false,ArtifactResolutionException,artifact,resolution
310,47708088cb4c2235188202c44f4e5d910db09896,true,false,ArtifactResolutionException,artifact,resolution
311,cec72387e88bc914504622beaffbd02e3b631963,true,false,ArtifactResolutionException,artifact,resolution
312,4b5af011bb03dbb90d53f05426afa03237c5455b,true,false,ArtifactResolutionException,artifact,resolution
313,24003e7ffe18d7ea4083880fa044629c59aa66b8,true,false,ArtifactResolutionException,artifact,resolution
314,df32ce765089b869038c64a07c3d07f19b8bb500,true,false,ArtifactResolutionException,artifact,resolution
315,aa7223c1e7d533c9ce7f309e1516d506a47fb1df,true,false,ArtifactResolutionException,artifact,resolution
316,f3a5f5bcaf449ab46121821e816e0c687e28b46d,true,false,ArtifactResolutionException,artifact,resolution
317,ef8d7685c7dcf63209bbe4864ca0714a9febaa97,true,false,ArtifactResolutionException,artifact,resolution
318,537a46bebeeb3a23341ae1185b9244782a939453,true,false,ArtifactResolutionException,artifact,resolution
319,c0fd5709cf6a515b2d7c4264f62da1c6ae92dc8d,true,false,ArtifactResolutionException,artifact,resolution
320,882bef80d1454f524d4b8222e7dc88948f08dd85,true,false,ArtifactResolutionException,artifact,resolution
321,140a661d3083cd2856fcdd3e7682ca58c9e5a89a,true,false,ArtifactResolutionException,artifact,resolution
322,a0e06a96b175147dbdf0a2c23a2cfe8685f8cf94,true,false,ArtifactResolutionException,artifact,resolution
323,43558e21a5ad295caaaf9663fb262e08372ecc64,true,false,ArtifactResolutionException,artifact,resolution
324,5125e2ff34408c2d0f80d20bffe6db606b1b2742,true,false,ArtifactResolutionException,artifact,resolution
325,f110680d96c41c75b7f015580ba7af0d2d1ae70a,true,false,ArtifactResolutionException,artifact,resolution
326,dc1c4c1f69858e751c00d19d9b3e8de5db055db0,true,false,ArtifactResolutionException,artifact,resolution
327,d87a401275da3b756688d3dddd9d7492a678f2ff,true,false,ArtifactResolutionException,artifact,resolution
328,6a44d3d9d196c4ea06a3e6803a5dc6d5dfd9066c,true,false,ArtifactResolutionException,artifact,resolution
329,862819a9156377a3250345ee6e2bb4136116d951,true,false,ArtifactResolutionException,artifact,resolution
330,84f5da9b7930c3be2a7250263fef5fa4d6a7e435,true,false,ArtifactResolutionException,artifact,resolution
331,f9f4e0c00171a0af498bb83d473c784ec22d8485,true,false,ArtifactResolutionException,artifact,resolution
332,20ea36789c30bd5025babe5ff17d7895a2e85c91,true,false,ArtifactResolutionException,artifact,resolution
333,52da9d0dc729175a89d17a4c47dd667a77bca6f0,true,false,ArtifactResolutionException,artifact,resolution
334,01fc6cb3e310381f8d56b086c82c9fc75f113b68,true,false,ArtifactResolutionException,artifact,resolution
335,a30b544edbc9a3c5347bee1f7ef182f856dd3b75,true,false,ArtifactResolutionException,artifact,resolution
336,dfab59a0c1bbdb0de94985bd243485128d551677,true,false,ArtifactResolutionException,artifact,resolution
337,bf6c0680ba7f45a219afd30f3144a20ef8107899,true,false,ArtifactResolutionException,artifact,resolution
338,d0b09dbb176e9de46255dbbf9b6ec7c43007cbc3,true,false,ArtifactResolutionException,artifact,resolution
339,bdcd3bb78c60f5bb938971d44e9f961b844f9b6f,true,false,ArtifactResolutionException,artifact,resolution
340,4fa88272dd72e9e694ffd8cb2eef696e51d60eb6,true,false,ArtifactResolutionException,artifact,resolution
341,5d5f72cfdb0f64a0109e0e2300a25e97d0374ff0,true,false,ArtifactResolutionException,artifact,resolution
342,c6f16bc477b8dcc8a9c5723e52753174a7294cd3,true,false,ArtifactResolutionException,artifact,resolution
343,41cfd8103b94a0b5044d0eda67801e5ff7ec1788,true,false,ArtifactResolutionException,artifact,resolution
344,b65fb12b11b6b22659d71340da60fdf5d35ab6c3,true,false,ArtifactResolutionException,artifact,resolution
345,977ca143265582cf32709e51b82c1b0f9f9d0311,true,false,ArtifactResolutionException,artifact,resolution
346,7973b5fab7ec7ae899dd674d1d62c2c41488950e,true,false,ArtifactResolutionException,artifact,resolution
347,4e08d96b8885eda2229704dcc40d9b19845c949f,true,false,ArtifactResolutionException,artifact,resolution
348,512e4653df673e8fc0fd26bbb566044005511cad,true,false,ArtifactResolutionException,artifact,resolution
349,35942d4a99e4ccab0b786e2d87b34526c0cb2253,true,false,ArtifactResolutionException,artifact,resolution
350,99b93a1859404479efde554cd53039f126c02dd0,true,false,ArtifactResolutionException,artifact,resolution
351,938bd75e16b8308edf54f786295518ee3bd8a2e9,true,false,ArtifactResolutionException,artifact,resolution
352,ac3315c593e8c64404d8f625d0e50bc5d91ac293,true,false,ArtifactResolutionException,artifact,resolution
353,a315ea548c318ea26e1943edbd7a400248e46b7d,true,false,ArtifactResolutionException,artifact,resolution
354,bf59f6917666d7ab9bb283c548070fe019dcb323,true,false,ArtifactResolutionException,artifact,resolution
355,41b2bb21cfb110c5d68e001c016301b38861f523,true,false,ArtifactResolutionException,artifact,resolution
356,cda16a38ff4df4ae94452aece6a5529d530c925e,true,false,ArtifactResolutionException,artifact,resolution
357,0d91f4841e55d2214f06da3f94545a28bbea5251,true,false,ArtifactResolutionException,artifact,resolution
358,73bdffa4a7a538c4ca4117674430717d82219488,true,false,ArtifactResolutionException,artifact,resolution
359,8394422724243e5c95dfd93903e80ab6801ce63a,true,false,ArtifactResolutionException,artifact,resolution
360,58079e2b06c634436f159532d4d89327d3672976,true,false,ArtifactResolutionException,artifact,resolution
361,77eaf262953508484fe6c6579d51a314fda5a50a,true,false,ArtifactResolutionException,artifact,resolution
362,c5e5421265ccbacd4605631d075b9be9940ea27d,true,false,ArtifactResolutionException,artifact,resolution
363,e0850c272a89288bf91f424a4b6beee46f2725a6,true,false,ArtifactResolutionException,artifact,resolution
364,05f651cd55797a73a61fa587bb1941e12398679a,true,false,ArtifactResolutionException,artifact,resolution
365,f1e6c39e0ffb3de79396382c0679b4854285f857,true,false,ArtifactResolutionException,artifact,resolution
366,295a7ee468be75544837d9ce03a2e9076210f5e3,true,false,ArtifactResolutionException,artifact,resolution
367,d37bace6b90ca90257b0cbdb27de5fe0ba3660ec,true,false,ArtifactResolutionException,artifact,resolution
368,bd3cc9bfb8b00555374229949a25c6673a78e69f,true,false,ArtifactResolutionException,artifact,resolution
369,d95347e718171aeaad5da50d1ddd8d3e8e3a6d91,true,false,ArtifactResolutionException,artifact,resolution
370,e1b9b1eef4d88c74e61449d3c3e1278149093e3d,true,false,ArtifactResolutionException,artifact,resolution
371,83f34c4d01b97c52034e867ba5cbb389e129d23c,true,false,ArtifactResolutionException,artifact,resolution
372,02d72c771a8a6f27b6c8d17bda7136013db20804,true,false,ArtifactResolutionException,artifact,resolution
373,fb76a917f3bfd82f1e221c9dd59d62274c29f721,true,false,ArtifactResolutionException,artifact,resolution
374,aca0e12518b20c9be215df7862dbc165eed5843e,true,false,ArtifactResolutionException,artifact,resolution
375,5dfc3cc62199a2c41b220d334c45fa3f0d8dc6d9,true,false,ArtifactResolutionException,artifact,resolution
376,2b6db0f25b8706e2a16ac742c50fde653b077159,true,false,ArtifactResolutionException,artifact,resolution
377,2c994b0bb4783bcb07861fee0dbb7d690f9d85f8,true,false,ArtifactResolutionException,artifact,resolution
378,85561a2e81b6358c44c2094492b865865737cf1f,true,false,ArtifactResolutionException,artifact,resolution
379,dca301841abc00f286cb39cff7359fb09419a608,true,false,ArtifactResolutionException,artifact,resolution
380,b0209fe8726b4f822233b30fc958320dfaa012e9,true,false,ArtifactResolutionException,artifact,resolution
381,0c4f34cddb906d70cb826c5f4f54d9f95552a5fb,true,false,ArtifactResolutionException,artifact,resolution
382,3987117971e19ec8b4a2cd3329b60f17ede76ce4,true,false,ArtifactResolutionException,artifact,resolution
383,bdbed6b3447cc778a67c8a66fdbf90be3f6237c8,true,false,ArtifactResolutionException,artifact,resolution
384,6f91f65b22ff4d1dd6e9021395df1739f219ce87,true,false,ArtifactResolutionException,artifact,resolution
385,75b6f65c7a56b9b044e51373f04f6236dc924d54,true,false,ArtifactResolutionException,artifact,resolution
386,a381d69db74e15f19ecdc31818392103b4108aeb,true,false,ArtifactResolutionException,artifact,resolution
387,61e618d6e074cfffdeb22854d4e0990899625796,true,false,ArtifactResolutionException,artifact,resolution
388,7c20da7e6b45c95c94d11eb68a6f6949c8637e82,true,false,ArtifactResolutionException,artifact,resolution
389,e1d11579bbc9b7c609de46cc67b54eb6a587040f,true,false,ArtifactResolutionException,artifact,resolution
390,61125175d02dd914e107c511467b11a683963f04,true,false,ArtifactResolutionException,artifact,resolution
391,acb2cf4f797dc58a3c1af26b61fc9f507df73b37,true,false,ArtifactResolutionException,artifact,resolution
392,d9b0d669040fc17892208d74a297cc7cc012168a,true,false,ArtifactResolutionException,artifact,resolution
393,7e659c24c6a08973f34c51f41e97b08120c14fd9,true,false,ArtifactResolutionException,artifact,resolution
394,718aea41365d6ba20dafc49e6b1af4f6e33ff87c,true,false,ArtifactResolutionException,artifact,resolution
395,0f1deb86881ff66a1fb4ef25237555e6e36455ff,true,false,ArtifactResolutionException,artifact,resolution
396,f71787fa188a4a0bcca4b1c120f4b646ac617633,true,false,ArtifactResolutionException,artifact,resolution
397,6b48bcf4e0883d7d414a71abd863f4860184bd2f,true,false,ArtifactResolutionException,artifact,resolution
398,5dded8861efa454f931640802d945cbc0c4b1e4a,true,false,ArtifactResolutionException,artifact,resolution
399,d8c2f0c53af0f0ce9d7749161ed8f37fe6438159,true,false,ArtifactResolutionException,artifact,resolution
400,dec2d71be6054b7e20db10432e1dfab6af607ae4,true,false,ArtifactResolutionException,artifact,resolution
401,855a5932d830f9222ad74e3defe439a8190a7339,true,false,ArtifactResolutionException,artifact,resolution
402,0dbd7de9dd8b640e3117047a230ebb310209b886,true,false,ArtifactResolutionException,artifact,resolution
403,138708bf8d101b6e39f40b4f5765ec8a2d6c2801,true,false,ArtifactResolutionException,artifact,resolution
404,d2e31b9ea572db10b604889ae3f87876232a8e88,true,false,ArtifactResolutionException,artifact,resolution
405,6869379e1b871615d1897750e54efeedba62e864,true,false,ArtifactResolutionException,artifact,resolution
406,ba8b145b1b83484135c408cfc16dd6abe0957193,true,false,ArtifactResolutionException,artifact,resolution
407,2c311601acb577e07f301b6ac0896c6ab72f33d0,true,false,ArtifactResolutionException,artifact,resolution
408,3619ab0dc247350726ecef425ab21eb141c85bde,true,false,ArtifactResolutionException,artifact,resolution
409,e30beb396cff196c8fc06fdfc0514fae6283c833,true,false,ArtifactResolutionException,artifact,resolution
410,325f079d8e90175274d97a6213bb0a1acb5935e6,true,false,ArtifactResolutionException,artifact,resolution
411,a1c95cb088dc60de38640a12310b5d0a474f805a,true,false,ArtifactResolutionException,artifact,resolution
412,0d2115ef9632fd34739ac193c07e41d09b15a8c8,true,false,ArtifactResolutionException,artifact,resolution
413,7f22df0bdc6e955ebfa7e07a8f712650bf69a234,true,false,ArtifactResolutionException,artifact,resolution
414,f675dc978d3cc712cfbdef4f8081d9dd92bc6155,true,false,ArtifactResolutionException,artifact,resolution
415,222773236aa974bfce8ef2e11f6281b82d00e850,true,false,ArtifactResolutionException,artifact,resolution
416,f1b05b524975f42e8fabd7f1b8e1532ff7256ba9,true,false,ArtifactResolutionException,artifact,resolution
417,4e9209b71eb717143ca00585767e077ece835cc9,true,false,ArtifactResolutionException,artifact,resolution
418,bf56d59b20f9b7a03c3903ce9e969ed1654a8d51,true,false,ArtifactResolutionException,artifact,resolution
419,eb456cbcda0e0103e84d6f8330cb0e5a129cd3f6,true,false,ArtifactResolutionException,artifact,resolution
420,7d7afb4f94fc38234f06a5871fe64adad4ca8e68,true,false,ArtifactResolutionException,artifact,resolution
421,71be67a4ef24fa73ce1bfecda254cf590954ddf3,true,false,ArtifactResolutionException,artifact,resolution
422,8160d67c80534f4b0df4d24dafba97d6bf404c10,true,false,ArtifactResolutionException,artifact,resolution
423,abc12f43a218fc2fe6ae5202103c6965b2e1803b,true,false,ArtifactResolutionException,artifact,resolution
424,1e8871849c9a1e8e1ca7a5b3aed190b1cd9736fe,true,false,ArtifactResolutionException,artifact,resolution
425,3ae0908e7bf1f5ea83b4f6032624760152d9b6d0,true,false,ArtifactResolutionException,artifact,resolution
426,d3f9eb741609145574d0feb0b0e36d6b212fa0bd,true,false,ArtifactResolutionException,artifact,resolution
427,cb2ab3e928887770d52423215fe0703681cdcff9,true,false,ArtifactResolutionException,artifact,resolution
428,d433975b252a1ef6299eb5de368ad503dcfd3837,true,false,ArtifactResolutionException,artifact,resolution
429,59dab7da6f03746901b8c5ae41eda28ab5c5bf91,true,false,ArtifactResolutionException,artifact,resolution
430,2ff2cff112b367393d886e01fbdedb0402f9ebeb,true,false,ArtifactResolutionException,artifact,resolution
431,3659dc6ae682bbed5ed8c262976554de5a11c43e,true,false,ArtifactResolutionException,artifact,resolution
432,746d53f8d3c45aff616a18178531a65445fa569a,true,false,ArtifactResolutionException,artifact,resolution
433,08d98f7ae0191277e533b7af9fd93f8e3acd262e,true,false,ArtifactResolutionException,artifact,resolution
434,90ef66ea9d31e9ad98f58785a1281d61ae49879e,true,false,ArtifactResolutionException,artifact,resolution
435,1040296fc281394aa7c4021b7d4cbb047ce7e4c8,true,false,ArtifactResolutionException,artifact,resolution
436,20cabd461bc78325d6284a5cc6880c914816d53d,true,false,ArtifactResolutionException,artifact,resolution
437,bee3f2f08cb806012a0bd0d86e8a699f64a1c3a9,true,false,ArtifactResolutionException,artifact,resolution
438,ad03718467d5a589a6ff33d191192dfa71b29733,true,false,ArtifactResolutionException,artifact,resolution
439,474e5c3b028727e5d41f530f3c355418e8195cc8,true,false,ArtifactResolutionException,artifact,resolution
440,bc1f9ed28a255940ca7fb402f3855ac8968ced6d,true,false,ArtifactResolutionException,artifact,resolution
441,417525d87955f8bfe147cfffa4bca538b47e9ee2,true,false,ArtifactResolutionException,artifact,resolution
442,b6978a6a1cf99e3f2d9e8403e863718e9294706c,true,false,ArtifactResolutionException,artifact,resolution
443,c302a839b8c2bb73fb53c01277fea30537ba1ec6,true,false,ArtifactResolutionException,artifact,resolution
444,1079f7c70cb4e8467bbfd21ada1f2f75d58d474c,true,false,ArtifactResolutionException,artifact,resolution
445,ac011549e1a73326a36e5b7653d599609efbf334,true,false,ArtifactResolutionException,artifact,resolution
446,801ed0622beeb140a205290b10fc8ef9dcdc2190,true,false,ArtifactResolutionException,artifact,resolution
447,cff1d2430d8ae2174cc637dbe75a3e9ab601075f,true,false,ArtifactResolutionException,artifact,resolution
448,7a68ee3f94cf0d4a3483e0f2e12f6dd7a8d6d9ee,true,false,ArtifactResolutionException,artifact,resolution
449,820cb8a630fcfefb78fe178a665e9c7178f65ca1,true,false,ArtifactResolutionException,artifact,resolution
450,27e7b493cbc612bbf15c4225f38f70a592fdab12,true,false,ArtifactResolutionException,artifact,resolution
451,837cb05e78bb6a973cfce4b76b7f2cc1514cd928,true,false,ArtifactResolutionException,artifact,resolution
452,f229388a0daf6e48975585539ff1246ec85453a0,true,false,ArtifactResolutionException,artifact,resolution
453,28fa29d6b9d5636909245504b9e7f9dde9d8c900,true,false,ArtifactResolutionException,artifact,resolution
454,44e2153d1192d7a0375a461fd981268152dfccba,true,false,ArtifactResolutionException,artifact,resolution
455,36999b0f83baee78eda76c04262ef64190f9c9c6,true,false,ArtifactResolutionException,artifact,resolution
456,d4a5938955b76d990512530375f3bfeeba164853,true,false,ArtifactResolutionException,artifact,resolution
457,54cbcfa714f840e3ba202daf8122bee8cc7a1ba1,true,false,ArtifactResolutionException,artifact,resolution
458,a1a4a8072221197068f1aaf5ac308d2972969f6e,true,false,ArtifactResolutionException,artifact,resolution
459,45c37481931ba180a2ae11fe3be7730af388d726,true,false,ArtifactResolutionException,artifact,resolution
460,86be36d5236061f0371d5099851b2ea03c057c6e,true,false,ArtifactResolutionException,artifact,resolution
461,dbfe6452b9cd04a63422b9b96c7203c6178a1327,true,false,ArtifactResolutionException,artifact,resolution
462,10eb5313aac9a1f5ce11767318fb01ceb13b5189,true,false,ArtifactResolutionException,artifact,resolution
463,df9d679a3091b1329e4df76c3c89f77a107d9699,true,false,ArtifactResolutionException,artifact,resolution
464,c8f65c02431ff9ba97b56c153c5bf3119581a8da,true,false,ArtifactResolutionException,artifact,resolution
465,17f107252551fd79a6d31a8441ccbc4e82e1757f,true,false,ArtifactResolutionException,artifact,resolution
466,aff56dbb1869514e676595d83edf3732b9f08a16,true,false,ArtifactResolutionException,artifact,resolution
467,78c53665a17a0a07fdb924f08a168300bb1f4596,true,false,ArtifactResolutionException,artifact,resolution
468,7cee4c78624b3d868009838f266e575f1494797d,true,false,ArtifactResolutionException,artifact,resolution
469,9c81b5064a8048e11eee9956218bda394a39a2fe,true,false,ArtifactResolutionException,artifact,resolution
470,d8bc5a7144ad90dcf183d633bbe018a18d1372c7,true,false,ArtifactResolutionException,artifact,resolution
471,17ffadee22c4b70fd73ac94c6968b4110d6a6bda,true,false,ArtifactResolutionException,artifact,resolution
472,1ca4546c8105f03783fc4b1f87d0b2d7f90d3c78,true,false,ArtifactResolutionException,artifact,resolution
473,7dd098a0bfabaeea6221e152f12c62e6e4f7d820,true,false,ArtifactResolutionException,artifact,resolution
474,f2f3cffc86ffe307c4ef5180a660a19f0e27ece3,true,false,ArtifactResolutionException,artifact,resolution
475,ac5a3fbcbc7f9dc8261e7955e6a4d150308bde95,true,false,ArtifactResolutionException,artifact,resolution
476,e15e6f2c40c83f5db9b06556a98dda7135d38aba,true,false,ArtifactResolutionException,artifact,resolution
477,24ce5091382669225e93721b29a44d97133cdf44,true,false,ArtifactResolutionException,artifact,resolution
478,68ffc3e2f95dfdf58de6ff497ca9a34c319aaf27,true,false,ArtifactResolutionException,artifact,resolution
479,8fc7a9e6179e3dbc2e5e90745830c40918822e3d,true,false,ArtifactResolutionException,artifact,resolution
480,1dcbd75eeacf0860d881539e4f5e519524dc6e3d,true,false,ArtifactResolutionException,artifact,resolution
481,722dde48fbc7cc3c9301eccf3945849fa38e413f,true,false,ArtifactResolutionException,artifact,resolution
482,a5674f012ced0cd35f77db5b4c5d26c721badebf,true,false,ArtifactResolutionException,artifact,resolution
483,6465fa5c1cdf3142d0fb73cc7bd8bc2e91da328a,true,false,ArtifactResolutionException,artifact,resolution
484,cfc91bf200619583fd47b105ff0169fd1cdb5057,true,false,ArtifactResolutionException,artifact,resolution
485,542c4e4f9fac35034fd40f3688cf5b7f3fcfec7a,true,false,ArtifactResolutionException,artifact,resolution
486,fd824ac7e1dfcc3533ad4347d52e6877c77ac4e0,true,false,ArtifactResolutionException,artifact,resolution
487,c8364679c367c7bab657aca14d7f657dca5915fc,true,false,ArtifactResolutionException,artifact,resolution
488,ab689d0fcd53c976994a7c7a0c888fb5b88b8d34,true,false,ArtifactResolutionException,artifact,resolution
489,bc2767d3cd67ff1055749b6291a3526e83be7a1b,true,false,ArtifactResolutionException,artifact,resolution
490,1835bb14d584ea13c9f5260de6c190a0754b3825,true,false,ArtifactResolutionException,artifact,resolution
491,012ab390532abeb42ae7c70754252b9ca9469b58,true,false,ArtifactResolutionException,artifact,resolution
492,4bde57f3c30bb879509a556f7ecd54a45e3b26b9,true,false,ArtifactResolutionException,artifact,resolution
493,f5c21557a1878c61e7f47ce6cf6eff5ac62175d0,true,false,ArtifactResolutionException,artifact,resolution
494,75d0a35c3e040bd8f10d9052e9f7cd97680b7cfc,true,false,ArtifactResolutionException,artifact,resolution
495,49e4e404d95dd1883478873dd032dbcb182acb26,true,false,ArtifactResolutionException,artifact,resolution
496,b6005c7d9b376da023f0202aa699a60cf1e594fe,true,false,ArtifactResolutionException,artifact,resolution
497,a0b4d8152fe621078ac10a4208a8b8214c3cae05,true,false,ArtifactResolutionException,artifact,resolution
498,12bb04a2ac25be705edfe8ca0a9051d15d30f0d6,true,false,ArtifactResolutionException,artifact,resolution
499,23a9d2bcfbabbac5d9cfcbf1d5848eef9f6188f4,true,false,ArtifactResolutionException,artifact,resolution
500,6a66239e3f42344863731e1c99324fcc72b32c4c,true,false,ArtifactResolutionException,artifact,resolution
501,f67b01b8deb74e887726604ec5f29596e263653e,true,false,ArtifactResolutionException,artifact,resolution
502,ef175e50697ebd98e5efc8f8c4f886a44bacbba1,true,false,ArtifactResolutionException,artifact,resolution
503,34a2851467f9d849b0d17140c03c901558d3942f,true,false,ArtifactResolutionException,artifact,resolution
504,0d027433c8977087de27939871ce667310c5e3e3,true,false,ArtifactResolutionException,artifact,resolution
505,fee174f3b06429902782582fa5e1db840698406f,true,false,ArtifactResolutionException,artifact,resolution
506,af21eedc2220f789f4786b4e16daddf3f33ea159,true,false,ArtifactResolutionException,artifact,resolution
507,920b1c27a4c767023c9a4156346dc95730eac664,true,false,ArtifactResolutionException,artifact,resolution
508,d1db074518308d83e8b5f7d7a1144a7170d2ac93,true,false,ArtifactResolutionException,artifact,resolution
509,a721500281a15e086914ea21d74db5d95761b9c6,true,false,ArtifactResolutionException,artifact,resolution
510,f2cd683b04a9534df76e7415847dae4119b75bb1,true,false,ArtifactResolutionException,artifact,resolution
511,760254ece923c70d5a1032b7367fd406b96c2ffc,true,false,ArtifactResolutionException,artifact,resolution
512,4b9e8fa33e9d933efa3e3ebcb526c084bc72dbdc,true,false,ArtifactResolutionException,artifact,resolution
513,37fd23248164d2484359d5f879938595bdece1c7,true,false,ArtifactResolutionException,artifact,resolution
514,1743158790c978909b7f30c14700241ee1ffa6a0,true,false,ArtifactResolutionException,artifact,resolution
515,ddd4bc2d2de8070680c737445d38097266b1ad23,true,false,ArtifactResolutionException,artifact,resolution
516,141ff96b6c8c6d143aca3eaa82f7d6886150b269,true,false,ArtifactResolutionException,artifact,resolution
517,0b2ca4eb02b3ae3fee990be6879306b35daee318,true,false,ArtifactResolutionException,artifact,resolution
518,27a4109a4f09e53a8b5b60f82823658634d210fa,true,false,ArtifactResolutionException,artifact,resolution
519,c3fd263cb1a92092a6f341e986eaf07daf470cba,true,false,ArtifactResolutionException,artifact,resolution
520,307aeceb5ea10cf40c4dd9b2e84eb4fd3e17dc52,true,false,ArtifactResolutionException,artifact,resolution
521,8dc0c331e4a2ed3befe97e1c985ef96d88f06fb7,true,false,ArtifactResolutionException,artifact,resolution
522,37a79971d140c912cc302a0217b8a0a5bc1c3530,true,false,ArtifactResolutionException,artifact,resolution
523,1ef67a5c2788a15f5b087e9d84d4e8d0e803575a,true,false,ArtifactResolutionException,artifact,resolution
524,7f6f5f2ec8ec2da022f5a41f73614050dcada5b4,true,false,ArtifactResolutionException,artifact,resolution
525,50c417933f76aa2692810b037f44fe0dae4190d1,true,false,ArtifactResolutionException,artifact,resolution
526,503ba41509ab6196d52c32b2de01ebd052ac1b21,true,false,ArtifactResolutionException,artifact,resolution
527,f8c17dc73651d29f9e0cbbda34623f888a7295f1,true,false,ArtifactResolutionException,artifact,resolution
528,261ae43bbab50690dc3a4dd40a8329e4b35751ff,true,false,ArtifactResolutionException,artifact,resolution
529,061da5059ab4cafb5e24b02c9f040d7a2d7854fb,true,false,ArtifactResolutionException,artifact,resolution
530,af5a0159748c44f8d7dd50825f4529931cd3f3c6,true,false,ArtifactResolutionException,artifact,resolution
531,06af09d4fa33ca8e6bd49bae250b0ec2cd4088f1,true,false,ArtifactResolutionException,artifact,resolution
532,c57ec704444d097cf66f17cc845e091134c52f23,true,false,ArtifactResolutionException,artifact,resolution
533,4830786ae9035639986c4175a4a1c9258741ba88,true,false,ArtifactResolutionException,artifact,resolution
534,2320501802983ff937bf017b7c9c02881edab30f,true,false,ArtifactResolutionException,artifact,resolution
535,b17f3457de0e9843f2b12f2a2cbc8623ca2ce287,true,false,ArtifactResolutionException,artifact,resolution
536,74d55fd6344f19015314d60efb9656371f330719,true,false,ArtifactResolutionException,artifact,resolution
537,3f40509def8ab90d0b2249e8cbc524f77e8fd14e,true,false,ArtifactResolutionException,artifact,resolution
538,2e2e23c09b2821fc2327a54ff73187e9e4aebe1e,true,false,ArtifactResolutionException,artifact,resolution
539,9577b6ea7bc364060edb8de1fcff75c1fb6763ed,true,false,ArtifactResolutionException,artifact,resolution
540,d78e068a058d85d0c98686401b884b872e44c3ca,true,false,ArtifactResolutionException,artifact,resolution
541,857c247aefaac37b1b99333fb97143d9eaaeb9dd,true,false,ArtifactResolutionException,artifact,resolution
542,d146ee30c20fd12644f0e12f3dd98073483c385c,true,false,ArtifactResolutionException,artifact,resolution
543,c965d68b56b35d57697d171d66468f3dc1810163,true,false,ArtifactResolutionException,artifact,resolution
544,38235db8287d14b80e5fe7c20e0a217214247afb,true,false,ArtifactResolutionException,artifact,resolution
545,b6ff7451e41a5817e7fe168cf10d040eb8cb2320,true,false,ArtifactResolutionException,artifact,resolution
546,4ac1a1aad40a38159e47d6fe0cb4166014c4ae43,true,false,ArtifactResolutionException,artifact,resolution
547,dced4aa768ea0f73c548948e4752b074d9a1232f,true,false,ArtifactResolutionException,artifact,resolution
548,04c175b4b5884515d649523621d84ed48fcc2f6e,true,false,ArtifactResolutionException,artifact,resolution
549,0d37c23d6aa780b9d254736918b0dddd8b88d291,true,false,ArtifactResolutionException,artifact,resolution
550,64052bc24333848a2f4ec52134d8b57809384b33,true,false,ArtifactResolutionException,artifact,resolution
551,1d42dfa9517e6d6b8e9851eb7d2fc91808534cd9,true,false,ArtifactResolutionException,artifact,resolution
552,388ab834f767a6ff3fe57dbd6068f5ddc211fa9d,true,false,ArtifactResolutionException,artifact,resolution
553,f6173f643986cc01ba461986ad28a01748c2ec81,true,false,MojoFailureException,phase_descriptor,execution
554,bc1a4d0dad973b3313bbc1be7678f8cb5bd87694,true,false,MojoFailureException,phase_descriptor,execution
555,76cffcac09424a92ffba07623adca2db286633ff,true,false,MojoFailureException,phase_descriptor,execution
556,52099ca64906c25da8ad9604f64555a5700a2d1e,true,false,MojoFailureException,phase_descriptor,execution
557,cbbbe911e25191a0a9d49f25c2e46004c4344d15,true,false,MojoFailureException,phase_descriptor,execution
558,74bf6bd0d3dfd090e4ac247b5b166a8cbd7f42dc,true,false,MojoFailureException,phase_descriptor,execution
559,e162bfef2b022e82150371dd383a4c43376473a0,true,false,MojoFailureException,phase_descriptor,execution
560,fb90bb7c26fa5576b6a78da52f93913e316ffa7d,true,false,MojoFailureException,phase_descriptor,execution
561,e2cf8e0db87722563d2470b0ef036bc9ba9d1a3b,true,false,MojoFailureException,phase_descriptor,execution
562,6d177d376a65acf3e040b4369b0ef43ad4f616c7,true,false,MojoFailureException,phase_descriptor,execution
563,150d969799d80e99527426c37470f81d69159370,true,false,MojoFailureException,phase_descriptor,execution
564,15962fc275464f15ff647996256d36e7780feb09,true,false,MojoFailureException,phase_descriptor,execution
565,cf516bad662e6a52eeafaaea28548080ab826a01,true,false,MojoFailureException,phase_descriptor,execution
566,6e729923c9f2aef8a2af84eefacf91c57a9c9175,true,false,MojoFailureException,phase_descriptor,execution
567,4e9ca6130e683524d364204dd066567af4f28feb,true,false,MojoFailureException,phase_descriptor,execution
568,dc20fa13c7f1819f9dccb2328e4a172f84a1c56d,true,false,MojoFailureException,phase_descriptor,execution
569,1f3cf9750405e478dea2b59551791989351ab89e,true,false,MojoFailureException,phase_descriptor,execution
570,8004d100a3a9f88959e96d462cf7afb37aa3675b,true,false,MojoFailureException,phase_descriptor,execution
571,e101515834f811e813ac9366e9c3ecde03f8a8e4,true,false,MojoFailureException,phase_descriptor,execution
572,4334e2938b4528ca129b17808ed7cfafda89d176,true,false,MojoFailureException,phase_descriptor,execution
573,a0fe4f2d2419436b0ea9e861077d72c3c220aabd,true,false,MojoFailureException,phase_descriptor,execution
574,2e562bf429763dd2e30f51ab50c915330212b341,true,false,MojoFailureException,phase_descriptor,execution
575,5503a40ecc66aa11a1d5f4d176a131d819551860,true,false,MojoFailureException,phase_descriptor,execution
576,89ccde51a684b37c2071ac290ebc28c64afcb701,true,false,MojoFailureException,phase_descriptor,execution
577,ddcce23108605ee6601dac386343b061fb85e7c6,true,false,MojoFailureException,phase_descriptor,execution
578,86781a43cbb87908002c6f6e8cb7567141bd78eb,true,false,MojoFailureException,phase_descriptor,execution
579,49d9351e98ac6ec4904d4cb9e00d56ced8fe7337,true,false,MojoFailureException,phase_descriptor,execution
580,03fdb2e64905f9bb30042e807c35cdb806eb6252,true,false,MojoFailureException,phase_descriptor,execution
581,35180161c69305efba0c51b8cbc401bfab06d573,true,false,MojoFailureException,phase_descriptor,execution
582,2d34d111bd52a1bcfad603d078a12ebd8d90bcd7,true,false,MojoFailureException,phase_descriptor,execution
583,30279f5d7599f5e19fbb0457f97b58ccdf4151f0,true,false,MojoFailureException,phase_descriptor,execution
584,f79fb1720e871f64763520b7196cf843d8ce04b5,true,false,MojoFailureException,phase_descriptor,execution
585,869e58536f693368e6732f0988bc0cb8327fde6d,true,false,MojoFailureException,phase_descriptor,execution
586,ac37bdf405677869481df8e94fcf89b45ed7ee02,true,false,MojoFailureException,phase_descriptor,execution
587,ae1f0a22b01d9e603e3f7d1d2aec758c7018f4f1,true,false,MojoFailureException,phase_descriptor,execution
588,729d24937cef297a932a39b8175c498683709bd2,true,false,MojoFailureException,phase_descriptor,execution
589,8ebc1fc1c8d7474d909b52ee14ee10c2b171fa59,true,false,MojoFailureException,phase_descriptor,execution
590,0f292604c52876bef847c4b5742db0193f9893f0,true,false,MojoFailureException,phase_descriptor,execution
591,30218969de01822c842fe5bb93714f9538730f49,true,false,MojoFailureException,phase_descriptor,execution
592,82a9c90fb8c56077f1a1cfdd0a11b222822ebf1a,true,false,MojoFailureException,phase_descriptor,execution
593,c8870c719e223b5c8ded0db514087db3031ece0a,true,false,MojoFailureException,phase_descriptor,execution
594,3a0303199cfbf25f0cc960e7bf14c37cfa32794b,true,false,MojoFailureException,phase_descriptor,execution
595,9eb5b72c87000d4cb17a0ed784a11e2d4240ffe9,true,false,MojoFailureException,phase_descriptor,execution
596,f0e56dd197e6b14d772fed92d7fceb9e3fc5e8d2,true,false,MojoFailureException,phase_descriptor,execution
597,06c6ee9110211178748de36d30271af674694eff,true,false,MojoFailureException,phase_descriptor,execution
598,3b4a0c9a390f79a2f35e9a90889332c3279fc3e7,true,false,MojoFailureException,phase_descriptor,execution
599,2969df6c3ecd02db931271fba2084f47648e2fc7,true,false,MojoFailureException,phase_descriptor,execution
600,bbad765b7d3b4044c44db700bacad67921280b5f,true,false,MojoFailureException,phase_descriptor,execution
601,4c5670cf6c2f214bebee36f53f9371274d4ace14,true,false,MojoFailureException,phase_descriptor,execution
602,699fa0537470d09bc2cb5c68e2e78edfb9b91368,true,false,MojoFailureException,phase_descriptor,execution
603,201156f6a8a17fc74727da519e923e54250623f4,true,false,MojoFailureException,phase_descriptor,execution
604,de3306cef749083d01114fd9788045420cc31105,true,false,MojoFailureException,phase_descriptor,execution
605,c0be3cf07fa0430a1b9ea77e7101a8ed2f6a3ccf,true,false,MojoFailureException,phase_descriptor,execution
606,9ab88996209751a4bbfc1434bbf11c2cfbd81f2f,true,false,MojoFailureException,phase_descriptor,execution
607,ba4dee432a673d815bb546c3e76947ca7eac293f,true,false,MojoFailureException,phase_descriptor,execution
608,072bd319a2c34ff33513fe27f3e712abb5e3c30d,true,false,MojoFailureException,phase_descriptor,execution
609,2b323e02c678d0bac20e6c727ebf47918795939b,true,false,MojoFailureException,phase_descriptor,execution
610,83d71d97e47e90de1ad8b07b6e2da058a5d1adde,true,false,MojoFailureException,phase_descriptor,execution
611,17a440e067630befa266384b64a79ce824d669ac,true,false,MojoFailureException,phase_descriptor,execution
612,961bbbecbe576288a39cd06e560cedf955467a82,true,false,MojoFailureException,phase_descriptor,execution
613,cab61aebc6a7ad54cf7a207179d221007e47a2c8,true,false,MojoFailureException,phase_descriptor,execution
614,cef382dcaf47a0dee813b5a0bf9f89bde5d1c7d3,true,false,MojoFailureException,phase_descriptor,execution
615,d4480468e4ae74b535edb6d97b137536934499f6,true,false,MojoFailureException,phase_descriptor,execution
616,77f649ebe8e4678993a63270ea5a1b139ac42282,true,false,MojoFailureException,phase_descriptor,execution
617,68e2bd199b38faa1f17e2356c151f98d66c45c5f,true,false,MojoFailureException,phase_descriptor,execution
618,c7cb0a0ca5dd057b28f4b16eb42c3007994b4b49,true,false,ModelParseException,project_descriptor,parsing
619,d2c81849abad306029ef86deabbf7e5843bb15a0,true,false,ModelParseException,project_descriptor,parsing
620,5ab91e87c30c6d8a4ea644ece6d35c3847394efc,true,false,ModelParseException,project_descriptor,parsing
621,69dbf8f750d478559c6523d37316d4090186de56,true,false,ModelParseException,project_descriptor,parsing
622,89a901aad1a98bd76993956a95d810ffd526c6da,true,false,ModelParseException,project_descriptor,parsing
623,0daba075088d0ad0dc608c6996e6d149d9409491,true,false,ModelParseException,project_descriptor,parsing
624,345f2915c1c894490e9994327397d88528056da5,true,false,ModelParseException,project_descriptor,parsing
625,eccebc201bfb8cae11f8f3cc332698c1513cad80,true,false,ModelParseException,project_descriptor,parsing
626,db582a903eb7873bd718ae49b39ac6a613d630e0,true,false,ModelParseException,project_descriptor,parsing
627,acc703ab125681e1f6ca9d774bd69a704c11def4,true,false,ModelParseException,project_descriptor,parsing
628,0315f5e9da3ebc4d2b3761ad3c8c2989d7273ebf,true,false,ModelParseException,project_descriptor,parsing
629,7e3becc97cd40808b083612888489f445c53ee83,true,false,ModelParseException,project_descriptor,parsing
630,8f9e719b09d4038786db28525027dd4a7b4c81b1,true,false,ModelParseException,project_descriptor,parsing
631,272c42038efb7d83a1712ed30382a7e3d95191f2,true,false,ModelParseException,project_descriptor,parsing
632,a375b60d6005744dc97dc5ecb4513a12b2923235,true,false,ModelParseException,project_descriptor,parsing
633,a09f86965d59dda1c8662a4da85ff8e6edda3af9,true,false,ModelParseException,project_descriptor,parsing
634,837d01604fd3103ae2ce349c7e72427f44b803d8,true,false,ModelParseException,project_descriptor,parsing
635,85556dd9ca0c7b889f5faee48e61db4d67c67db4,true,false,ModelParseException,project_descriptor,parsing
636,b05db51cba359039bc664dc3b1aa6000ecbe6d0d,true,false,ModelParseException,project_descriptor,parsing
637,a4ac007d53120b861013d4a1337bd4ec9dc294ee,true,false,ModelParseException,project_descriptor,parsing
638,590d2eb7f243c78a450de43708c0048b87d7c645,true,false,ModelParseException,project_descriptor,parsing
639,de5bb6dd764e08bb1ab77b11ceb32376895be578,true,false,ModelParseException,project_descriptor,parsing
640,b4125a2e5b4339e21ce3ac52ebc0be80e74fb684,true,false,ModelParseException,project_descriptor,parsing
641,e6a55250037e766d5f65fc2a1222d17996d2fbca,true,false,ModelParseException,project_descriptor,parsing
642,c6ce618950c6264bcbf3cd75712a6f1338d3973b,true,false,ModelParseException,project_descriptor,parsing
643,36db4c38405a00ecfffe00612ab86f3bc160f1eb,true,false,ModelParseException,project_descriptor,parsing
644,8c3affa7010acaa501b937681d02e195ce18e23e,true,false,ModelParseException,project_descriptor,parsing
645,c1ba881c6f19bbc3065fe239236c18c7466bcb5c,true,false,ModelParseException,project_descriptor,parsing
646,cb1c2e0dcea458838f5f83527b5011e6c86a8f6d,true,false,ModelParseException,project_descriptor,parsing
647,ec3032063132f3761e9e155ea94d5e1821b8d9bd,true,false,ModelParseException,project_descriptor,parsing
648,ac232e959b9b9b26415956575bd28b71baf17695,true,false,ModelParseException,project_descriptor,parsing
649,baba18f0776183341f510965cf7701fe4a75856a,true,false,ModelParseException,project_descriptor,parsing
650,8b83315eaf4f220cdb1ba949436e373d33675efb,true,false,ModelParseException,project_descriptor,parsing
651,45323fec668fbdbaed60824319413f1b31aa8958,true,false,ModelParseException,project_descriptor,parsing
652,175119f1a9e36cb7e9d6648060217f6cb954217d,true,false,ModelParseException,project_descriptor,parsing
653,d1a145acc83bcb11697a5f7ea9b33cd2034f943b,true,false,ModelParseException,project_descriptor,parsing
654,2197f400e6a76c37ecf5d39f1cb5d477b702393b,true,false,ModelParseException,project_descriptor,parsing
655,549a51eb411f304370b2744cf6c46d836d5e91c1,true,false,ModelParseException,project_descriptor,parsing
656,4b2c8c304b321aa4e156a4709ed0ddb518607d7f,true,false,ModelParseException,project_descriptor,parsing
657,89480ac633bff1c5c267c055f0fc7c00ab84008b,true,false,ModelParseException,project_descriptor,parsing
658,986d6de5fcc8bc91c9291978d3203c5a51571ef3,true,false,ModelParseException,project_descriptor,parsing
659,9ef9154e60d899d790b3b4b492bd5d7c2444be87,true,false,ModelParseException,project_descriptor,parsing
660,38d11ba4138157815f342c22a2bf603c9b1cda61,true,false,ModelParseException,project_descriptor,parsing
661,5af74dc7e90e07b17f7e605dd2308a06efb53494,true,false,ModelParseException,project_descriptor,parsing
662,33fa3cb9e659a2601d87c87c76bb9a41564c1655,true,false,ModelParseException,project_descriptor,parsing
663,7969226120bc8403dbadcfd289b2271c9afd6168,true,false,ModelParseException,project_descriptor,parsing
664,e8af9f43094af0ac746270686175d9452b5d2359,true,false,ModelParseException,project_descriptor,parsing
665,5aabfd0aaa1225336ee6b7fe5a398100d4eb5d0b,true,false,ModelParseException,project_descriptor,parsing
666,054bec9b17685fe299fc4d1e9c2a4f52e5d4e826,true,false,ModelParseException,project_descriptor,parsing
667,747c21804ff09893bb3a9867ed8b12f0e062cb41,true,false,ModelParseException,project_descriptor,parsing
668,12c0da95f0b94849f1105ff02a442d7da456aff7,true,false,ModelParseException,project_descriptor,parsing
669,1bee06bb68aa36587996b0a7c283d0e5576530c7,true,false,ModelParseException,project_descriptor,parsing
670,eeb66df45cabe99d8216399382d50cd66a0b3b13,true,false,ModelParseException,project_descriptor,parsing
671,6e479e086a5e198fa71d9bf120ba8c4acb1b864b,true,false,ModelParseException,project_descriptor,parsing
672,c2d7cda61bc41031fba04f90b8e84ecb41cbf4a1,true,false,ModelParseException,project_descriptor,parsing
673,043a80e8892aa9d75b2ac72ba83234b26bcc280a,true,false,ModelParseException,project_descriptor,parsing
674,70c101f7c978594831d3d83a8f82832ab72ef83d,true,false,ModelParseException,project_descriptor,parsing
675,06a5c73d45901da2ed4b354ada2c57e60588cdf1,true,false,ModelParseException,project_descriptor,parsing
676,1ad053aa48b4011441d39e001c308b3040d67ae9,true,false,ModelParseException,project_descriptor,parsing
677,4831e270974f22dc6b4b8f64516cf8e46ef0064a,true,false,ModelParseException,project_descriptor,parsing
678,4240a1281787b43e00a6b703c377d51d065e41be,true,false,ModelParseException,project_descriptor,parsing
679,57a7f4326469219ad69c5c6f3e59679eed55de4b,true,false,ModelParseException,project_descriptor,parsing
680,bb2e8e6dbfd785d8a3f7a63fa82a1cc0a3b0ea81,true,false,ModelParseException,project_descriptor,parsing
681,620309ebd55a89bacb0b99e2ac54d8509f073d45,true,false,ModelParseException,project_descriptor,parsing
682,87497f6f45e435ef6fbae59115e698919259cac7,true,false,ModelParseException,project_descriptor,parsing
683,af789f8caddee675c6fd07e0bee4cb1a7cee2767,true,false,ModelParseException,project_descriptor,parsing
684,5bb06edcf14335b86bc2fe2ba636fe95735b3b07,true,false,ModelParseException,project_descriptor,parsing
685,8b584d7971eca2c20f9dd78a55c7323b0d1a15e1,true,false,ModelParseException,project_descriptor,parsing
686,1830084ae4b720d4ff03d9c47220473b65dcc356,true,false,ModelParseException,project_descriptor,parsing
687,8b825964e28be903b8d6169edc344de7a378bf15,true,false,ModelParseException,project_descriptor,parsing
688,61a61c8e0aa2c307397c00233adfbf73fc64d40b,true,false,ModelParseException,project_descriptor,parsing
689,738ca28deb50c33202a73dd8ab032af06e5f3ea7,true,false,ModelParseException,project_descriptor,parsing
690,4104a517c66a46b584f53e132805363afbd90074,true,false,ModelParseException,project_descriptor,parsing
691,023a4e2a3f6fb590cfcdcc68eea91b4ab77c1ffa,true,false,ModelParseException,project_descriptor,parsing
692,88d447a405f035ab3089871f395d7e0fce01e0eb,true,false,ModelParseException,project_descriptor,parsing
693,58bee8c421bf0097b68e878f4e3926e0e4453085,true,false,ModelParseException,project_descriptor,parsing
694,2bae35a389fbca0f8a786d106ec9052b37a95482,true,false,ModelParseException,project_descriptor,parsing
695,37e825b20bd9bf789385bf987e5d4e2267d85b7d,true,false,ModelParseException,project_descriptor,parsing
696,886fc584fe541a5728ca9666250389bf7b5dfce1,true,false,ModelParseException,project_descriptor,parsing
697,41f6e4317ad0fbb2c6c097f9245712154fb40ae0,true,false,ModelParseException,project_descriptor,parsing
698,4c0b04e36f22715b482a8cc78a591a799abee32f,true,false,ModelParseException,project_descriptor,parsing
699,204f7e350ff726cb367015d3621285dbb4281fdb,true,false,ModelParseException,project_descriptor,parsing
700,07330c4e16e8405a79054cae84184defbbe59d4a,true,false,ModelParseException,project_descriptor,parsing
701,309b8d3b215ef332420a88345e884391c1d10616,true,false,ModelParseException,project_descriptor,parsing
702,636568d7c93cf37a0dff1ef0e8214563e28be047,true,false,ModelParseException,project_descriptor,parsing
703,f563a877ba1bfc04f003734f9f855bff62ba8cb1,true,false,ModelParseException,project_descriptor,parsing
704,285587734404cf20fc91cd791e2dcbe4a3e3b7fd,true,false,ModelParseException,project_descriptor,parsing
705,c733c10527388ad76a20bca9853220c915b0f835,true,false,ModelParseException,project_descriptor,parsing
706,60e70bccd0e3cf300d56089a0f3328108e1ab27a,true,false,ModelParseException,project_descriptor,parsing
707,eef4ee805e558ce4c8d17d8675cfe48d7afdabd9,true,false,ModelParseException,project_descriptor,parsing
708,060ab2a666518eb17868221a7f7d6edc5d0ac5bb,true,false,ModelParseException,project_descriptor,parsing
709,6e1bafc5201dc9db144c52cc46f5a51dd9633b43,true,false,ModelParseException,project_descriptor,parsing
710,133d64b784cb37c9d243cfbee52fe87bc666eb2d,true,false,ModelParseException,project_descriptor,parsing
711,02af26bf7f183510b781e894ac4625abd8863ade,true,false,ModelParseException,project_descriptor,parsing
712,f1198165f0444ad82494ecfcee2adc2f9910d9e5,true,false,ModelParseException,project_descriptor,parsing
713,b9fd00fa4a63d4c9eb0e6eafa52a2576aa1e84b3,true,false,ModelParseException,project_descriptor,parsing
714,a279b254474af7a214c2a574b1c0a039dee5ac12,true,false,ModelParseException,project_descriptor,parsing
715,520fd49002f47bd62aba41ec73c896449af66cb8,true,false,ModelParseException,project_descriptor,parsing
716,ddf070e262e5c99a5f2f90766d4c224de1a0ddc9,true,false,ModelParseException,project_descriptor,parsing
717,0fa6e65b13b0b4777b2cf7dbcb8ad25772593649,true,false,ModelParseException,project_descriptor,parsing
718,bec2e8da888d19a12eef55acd85db1a96c6ff53e,true,false,ModelParseException,project_descriptor,parsing
719,9d204940ed8a8233848cfa8248a74824d6354e9b,true,false,ModelParseException,project_descriptor,parsing
720,4a8ba4ace098c04a419761ca2f1b077b2f72b1bd,true,false,ModelParseException,project_descriptor,parsing
721,fdda3bc17d0fae457992bfae8094f565bd0e03c5,true,false,ModelParseException,project_descriptor,parsing
722,2667542037cc15b0f1e0e654e55832091cd3b8c5,true,false,ModelParseException,project_descriptor,parsing
723,8eeaa3708709f6745b1aaaff1cceca92a1e25c33,true,false,ModelParseException,project_descriptor,parsing
724,59c3c6d20905494c75d3889fc11052fec190a556,true,false,ModelParseException,project_descriptor,parsing
725,9b3ddbbcb39ad50a4046ac72457828431bbb11f2,true,false,ModelParseException,project_descriptor,parsing
726,e6c7ad7cfc4143bc63f2bceff46bbe7337de59c6,true,false,ModelParseException,project_descriptor,parsing
727,3e70d14b4adfddaa5b15bedbdb88efdc4d078b02,true,false,ModelParseException,project_descriptor,parsing
728,944194044367e5589c0aaedeb22b0856f28c67e0,true,false,ModelParseException,project_descriptor,parsing
729,31e43b7368562c039c789b6c949218f59a93092c,true,false,ModelParseException,project_descriptor,parsing
730,f529175bf7ff4b2c169d4bcb4682061368586b17,true,false,ModelParseException,project_descriptor,parsing
731,fe5e607898a7a889de6ab45c0663e439d477f85f,true,false,ModelParseException,project_descriptor,parsing
732,54541669623c7215018943b1ad89a0855e1362b4,true,false,ModelParseException,project_descriptor,parsing
733,4f7dd46cc2a14897b3c9e57db296804a5102f230,true,false,ModelParseException,project_descriptor,parsing
734,d3fd31d4939bed29f6f67190c26347ec7185c5d9,true,false,ModelParseException,project_descriptor,parsing
735,1d2e81ef9fb1dc47035556213b152f9e46f6f21b,true,false,ModelParseException,project_descriptor,parsing
736,d5515847583f9d16c306287a500bc6427bbef2e7,true,false,ModelParseException,project_descriptor,parsing
737,29c89296749ac83eac05775b7b3fcc5ad3ea90b0,true,false,ModelParseException,project_descriptor,parsing
738,dd7fcbc5675b84f48f542df91805c10c14e4648f,true,false,ModelParseException,project_descriptor,parsing
739,f8ea91310af74b987ac3a0de239a9a10cbacee0a,true,false,ModelParseException,project_descriptor,parsing
740,805a0a7f97311bb8e87e8fe76f9ccdb1ae55e35a,true,false,ModelParseException,project_descriptor,parsing
741,206f4154cf5ab083a4d58e211b7963530d5c0964,true,false,ModelParseException,project_descriptor,parsing
742,c486d4268de2b003c7d509ea38e7bc6b1bea1ead,true,false,ModelParseException,project_descriptor,parsing
743,c2200a60ac584af1aaedf501df4fe19d6a722d50,true,false,ModelParseException,project_descriptor,parsing
744,476a3954ba0bc0f24ade6602d6aa4e9ebcf83924,true,false,ModelParseException,project_descriptor,parsing
745,0e7e01eaebfd270740d46df67d227038bfd81cdc,true,false,ModelParseException,project_descriptor,parsing
746,625b2c0a056c5e45222d666b0828c7ae83fddabb,true,false,ModelParseException,project_descriptor,parsing
747,9047b23bdbb76885575cb13e807f02f34b3d4935,true,false,ModelParseException,project_descriptor,parsing
748,01714d974f72c94c924842afda18a58a207b4ca2,true,false,ModelParseException,project_descriptor,parsing
749,d50e5a222b675fc8021fcc1dbe446daf171f4d90,true,false,ModelParseException,project_descriptor,parsing
750,5b2187c57d6e34ac1f498f5627d2cd74d51f605c,true,false,ModelParseException,project_descriptor,parsing
751,adcbed4d4a9160518f0b4c5f9fe30b653f62a6ef,true,false,ModelParseException,project_descriptor,parsing
752,e93e42938458934b874f918e9141ad9320371acd,true,false,ModelParseException,project_descriptor,parsing
753,531e013cbcfb62fd133aadf0cc6c6fcfbfb5d583,true,false,ModelParseException,project_descriptor,parsing
754,6c0ec01de957f5e0ecd9aab37537aa21bf39914c,true,false,ModelParseException,project_descriptor,parsing
755,6d9b686f84a72497af0a5e4835f498c348b5025f,true,false,ModelParseException,project_descriptor,parsing
756,aadbf5bb7f2408862251678bfdea733959d248ed,true,false,ModelParseException,project_descriptor,parsing
757,a41e639fd2cc0c528355bb0cae804e96048a1513,true,false,ModelParseException,project_descriptor,parsing
758,bb305fb7e0cb80e7869a4800deb2da8752aa3174,true,false,ModelParseException,project_descriptor,parsing
759,980e1e54c18c4f8462d89c71e52e5711e3903b9a,true,false,ModelParseException,project_descriptor,parsing
760,d5adaecff01217199ca6983a7b92c07f84638c60,true,false,ModelParseException,project_descriptor,parsing
761,ae6e0c49cda774fe1f72435f00bd30238be4a17c,true,false,ModelParseException,project_descriptor,parsing
762,5eb536899c04ebb9d5a0b548ae2009002a506cb6,true,false,ModelParseException,project_descriptor,parsing
763,05489f153b5998d7759b867f7c47dd679fa7b71a,true,false,ModelParseException,project_descriptor,parsing
764,9c4e2ba0a60ec55d8d8f61a040d74cf75558febf,true,false,ModelParseException,project_descriptor,parsing
765,d2a1c99cc34469207a40489d06c952b462c8d0dc,true,false,ModelParseException,project_descriptor,parsing
766,414b01ae8fc8a7775554a64746f82a15c3b8e2be,true,false,ModelParseException,project_descriptor,parsing
767,a8dff445103444a859c1ad212794e2fe9f3075a7,true,false,ModelParseException,project_descriptor,parsing
768,b6cb672f2c8ba8291d489654d95732258bb4ed4b,true,false,ModelParseException,project_descriptor,parsing
769,89d04490eaf72b938b2fd166851ea825421c667f,true,false,ModelParseException,project_descriptor,parsing
770,cfafcb2f7438cbdb9435434f24651f3927bf8a34,true,false,ModelParseException,project_descriptor,parsing
771,4fb77d80c5db4c8f692035f8cd035e3fca5e1190,true,false,ModelParseException,project_descriptor,parsing
772,0f23004fc32fb47892dcedab4678915527857a53,true,false,ModelParseException,project_descriptor,parsing
773,5dbf83899bb5ca61802bf15dfca63521a14c1f02,true,false,ModelParseException,project_descriptor,parsing
774,ae2e9ef25cdbecaee3668b78c35079c893b27170,true,false,ModelParseException,project_descriptor,parsing
775,d582993f1c1f7bc6a47ef172e2ec674a9c58cac0,true,false,ModelParseException,project_descriptor,parsing
776,3e3d5ae8d23ede6c1979ddb968f1af8fa4d6ab04,true,false,ModelParseException,project_descriptor,parsing
777,0739e8d92e02e95542affce9f9e7e3c2476d13a9,true,false,ModelParseException,project_descriptor,parsing
778,662a1a05381cfb0ecf9a406e736015a88d6acdab,true,false,ModelParseException,project_descriptor,parsing
779,2e92365c4c5c810c3032f42454ae969ecf49dc04,true,false,ModelParseException,project_descriptor,parsing
780,126aafc7184d16bea2e6e33c501a6d2ccac0e5aa,true,false,ModelParseException,project_descriptor,parsing
781,37870269de6cc51abcab2de2e46b319eec321151,true,false,ModelParseException,project_descriptor,parsing
782,e4208b4d990d96a3b08cfd1b20be3699d278e2a7,true,false,ModelParseException,project_descriptor,parsing
783,930620002b44c76da462244bd303847e7d459035,true,false,ModelParseException,project_descriptor,parsing
784,83bfb789b184b48e2125e21d3150f06daef50ed9,true,false,ModelParseException,project_descriptor,parsing
785,7a8a5b1a1f39206a5924b6c27c1d969bf4c98e6f,true,false,ModelParseException,project_descriptor,parsing
786,34c14882e1f3398ba2c374481c5adc1e3c832a77,true,false,ModelParseException,project_descriptor,parsing
787,55910e7ecd8f45dad0fb0f1af94a3dea200f3c8a,true,false,ModelParseException,project_descriptor,parsing
788,1244e49febd51768b7ef7c0ad72021a9d8d54404,true,false,ModelParseException,project_descriptor,parsing
789,4803b7dc6670b07a38f77730945da9ed62e27bc9,true,false,ModelParseException,project_descriptor,parsing
790,7ac9579799f65810343301010f5932bc359148c0,true,false,ModelParseException,project_descriptor,parsing
791,be4d9a4f568ad18d6a720f3fb47ad3b135246ebf,true,false,ModelParseException,project_descriptor,parsing
792,76f9ff17a4c06394d44e3bf07ff88b75e1f07bd5,true,false,ModelParseException,project_descriptor,parsing
793,dabc9e4df5aea055ab04f52950a59ef02f90b7fc,true,false,ModelParseException,project_descriptor,parsing
794,66e466a3c4a0ff8d9dbe931302426fa3b6e0e085,true,false,ModelParseException,project_descriptor,parsing
795,49b54c306454d3d721ab75df387aa76938f34420,true,false,ModelParseException,project_descriptor,parsing
796,e940a98f5145788eef26d69846939a0b0acd5d28,true,false,ModelParseException,project_descriptor,parsing
797,cff4479cb06dcff57a4af55423eb9035938715f3,true,false,ModelParseException,project_descriptor,parsing
798,2f0d5956f084d97ba702e502a7d17f1bacfdbc67,true,false,ModelParseException,project_descriptor,parsing
799,1bdef20cd0d8f6f73f059f2f6e660618b5fea8cb,true,false,ModelParseException,project_descriptor,parsing
800,6ca525387129a99999baeaa51420d2fb221bb462,true,false,ModelParseException,project_descriptor,parsing
801,99750174fba8ac55960166b596aac3b87b5da55a,true,false,ModelParseException,project_descriptor,parsing
802,480cd3c897c8003a3297cb249544ac4eb3dd13d6,true,false,ModelParseException,project_descriptor,parsing
803,685fc7421be0cf7f5d303f5e06bb48d2a46690a5,true,false,ModelParseException,project_descriptor,parsing
804,2ca5c7732ae3ce33391c3f5eb24939f7b70efdde,true,false,ModelParseException,project_descriptor,parsing
805,39bc9f567d37b5fc0276402876f95d07e58ce87a,true,false,ModelParseException,project_descriptor,parsing
806,36c5a770fa99c738727132ea35964a514936d4d7,true,false,ModelParseException,project_descriptor,parsing
807,5ffbc9a5fa9467a01e127b0817c0fcbc0f1225e1,true,false,ModelParseException,project_descriptor,parsing
808,20f692d44e53acb095cea679d8e6d313f7b62924,true,false,ModelParseException,project_descriptor,parsing
809,83ec2ec57ec74e28207f3a70802a5cfbec2c2d8c,true,false,ModelParseException,project_descriptor,parsing
810,9981ba3ea27a8665c2e02ae6328ed5142e04304b,true,false,ModelParseException,project_descriptor,parsing
811,d671da74155951c14b771e980b9f19553b556473,true,false,ModelParseException,project_descriptor,parsing
812,cbd8c6335b24db047299c55dd0ac529ed50426cf,true,false,ModelParseException,project_descriptor,parsing
813,f923f9e0eb2688a427b64bb0b4fcf3c806875fe9,true,false,ModelParseException,project_descriptor,parsing
814,342b71fc311c94ecd9ff541fd7b4c7a389baed74,true,false,ModelParseException,project_descriptor,parsing
815,62bb8131e551ecc59770a4c3573d84fc4bdf2c0f,true,false,ModelParseException,project_descriptor,parsing
816,1d24eaa349d7af8ca8cfd21b46d4add3d8902c83,true,false,ModelParseException,project_descriptor,parsing
817,2963edeaa488d7cfe68e616c4c29f6b82b0540ef,true,false,ModelParseException,project_descriptor,parsing
818,69b8fdf0c22f167074584e4d2ac438634e83b0f2,true,false,ModelParseException,project_descriptor,parsing
819,25d725b1d380175a2ad1cf2c7a7ccdee348ab1d3,true,false,ModelParseException,project_descriptor,parsing
820,a402ee467e039e610094d3cf2040dc408d62bd87,true,false,ModelParseException,project_descriptor,parsing
821,10545f33dec8dfa3f69bb65c2c0e2a548f0282da,true,false,ModelParseException,project_descriptor,parsing
822,3e1108d37d4d28dfea1183e7d1916197b1495eb4,true,false,ModelParseException,project_descriptor,parsing
823,fed17408ef698fd91a0a10bad199f1bec5fe9f4e,true,false,ModelParseException,project_descriptor,parsing
824,7082145d0ac4c0223cc6cae70c87682478791c95,true,false,ModelParseException,project_descriptor,parsing
825,eb21871b660386ce1a62eef12fe6fbf7f3b39689,true,false,ModelParseException,project_descriptor,parsing
826,0acb59df00d1f193ded481dd23074a5842625348,true,false,ModelParseException,project_descriptor,parsing
827,683177d501a3290bb3833c77880dc6627ceb30e0,true,false,ModelParseException,project_descriptor,parsing
828,520bd3fdcf3546b7cd06d9efdc4a04c22c165b84,true,false,ModelParseException,project_descriptor,parsing
829,43e57656fdb1013d8ccc270275b35bc4fb11057d,true,false,ModelParseException,project_descriptor,parsing
830,fdd5d2476dd0a7ed2a054f93c119ef8d9547322b,true,false,ModelParseException,project_descriptor,parsing
831,1def7daae355e664fbed08e851a245222ca5f350,true,false,ModelParseException,project_descriptor,parsing
832,f59093f6984bb5bf760e4f046656338ff5c96a9b,true,false,MojoExecutionException,phase_descriptor,execution
833,da1274fa8961cc67caa8ee4f87875fd857bb2733,true,false,DependencyResolutionException,dependency,resolution
834,2c9d2d787f8dd1d750ee04b30386fb475e419049,true,false,DependencyResolutionException,dependency,resolution
835,4630f7e2f4726f6e668301e96722c96eec6078cd,true,false,DependencyResolutionException,dependency,resolution
836,9dd78f7c8e020fc28942bf786658dedb24d1e78a,true,false,DependencyResolutionException,dependency,resolution
837,0bdc6235981dfd2c0b43da8b33438e487ec846c4,true,false,DependencyResolutionException,dependency,resolution
838,f3f18efb78fccc38568ecbe7c51b732a63c3ed83,true,false,MojoExecutionException,phase_descriptor,execution
839,07e7922f7852277ba3846b842fd3fd3839cdce7a,true,false,MojoExecutionException,phase_descriptor,execution
840,c6bfb0c6c17d06745d388cdda66aa896f4b7039b,true,false,MojoExecutionException,phase_descriptor,execution
841,729fa9f4ffe319a2bebe011b9d82150016e1928b,true,false,MojoExecutionException,phase_descriptor,execution
842,e4135df851c9862560a94b5bcc83a99c1a227d44,true,false,MojoExecutionException,phase_descriptor,execution
843,4421ab0c742e7957dc310d6dd268fa6c56c5e8e3,true,false,MojoExecutionException,phase_descriptor,execution
844,0f8dc194d38dad4256eea505ad0660f5cf7c33cd,true,false,MojoExecutionException,phase_descriptor,execution
845,248c5551a5f6b7394d69af879c53c208493fa0fd,true,false,MojoExecutionException,phase_descriptor,execution
846,36b9c3ff9ba34be7b744790af1753617f09fde2d,true,false,MojoExecutionException,phase_descriptor,execution
847,7d65c4ddc34f921ce5fffe968f173f4d78c6cfc8,true,false,MojoExecutionException,phase_descriptor,execution
848,1cfa0a771ae59734c8a0a5e413956a8142909e7c,true,false,MojoExecutionException,phase_descriptor,execution
849,59cf5406d7862895b43773ab5842c8cded716515,true,false,MojoExecutionException,phase_descriptor,execution
850,95dfa7b2d36f4c36dffe94d86f5784eb1cf7b069,true,false,MojoExecutionException,phase_descriptor,execution
851,a479f91c5b0a05d77e72915408987971d56433b3,true,false,ArtifactResolutionException,artifact,resolution
852,e4444cf266de1c7d913d44287ceda0c68dba6f71,true,false,ArtifactResolutionException,artifact,resolution
853,2e94ecadacf3dbd39dca50e0c230c30ebc178448,true,false,ArtifactResolutionException,artifact,resolution
854,b30325376388b10064290f39daaa88b96cd47808,true,false,ArtifactResolutionException,artifact,resolution
855,4f3df740ff2e4b06a0c07c6adc84a25cc3ade968,true,false,ArtifactResolutionException,artifact,resolution
856,bb986e2bfffc8ee9929391ec0cadd042caf1857b,true,false,ArtifactResolutionException,artifact,resolution
857,a1b04591879fdf0daaac967805f66116589dc1af,true,false,ArtifactResolutionException,artifact,resolution
858,1863364037019275f70e66cf77d1f092bf3bd984,true,false,ArtifactResolutionException,artifact,resolution
859,4acb07ad3bd105bba280df5cebece84c3203816b,true,false,ArtifactResolutionException,artifact,resolution
860,212a1c1cdbb4dd4b44a2174d7cd17ff15fe67b3b,true,false,ArtifactResolutionException,artifact,resolution
861,f5449d2487bbf6e4cfd8665134e44e656a0b61d1,true,false,ArtifactResolutionException,artifact,resolution
862,9dba4355f0185fe5e05f463d06785511f8b35228,true,false,ArtifactResolutionException,artifact,resolution
863,6614716b8aed1239bbfd4eef9a2be9df77d16bec,true,false,ArtifactResolutionException,artifact,resolution
864,8f7469d4bc164273901e637d3e26b95e7f67ecfe,true,false,ArtifactResolutionException,artifact,resolution
865,14bcf188623325e9598ad60cf4996d53b1eeb71c,true,false,ArtifactResolutionException,artifact,resolution
866,e96a1241858262a492664cee5420b17a2f15fdd1,true,false,ArtifactResolutionException,artifact,resolution
867,0e9e6ef89ffe6d84bd3e08818915a0030b4320a8,true,true,,,
868,74b8833ae7c69fd5045a02659a75aa2c8268afe6,true,true,,,
869,92ba26f719c214956177932517985db0382bf3f1,true,true,,,
870,219ea7bb5587d18bcfc04117674dbf43bcae2000,true,true,,,
871,71dea3bbf079a788f411c283f4b83b178dd209ed,true,true,,,
872,cfc5ea18b5fb7d09454783a808c5ababe01bb0ed,true,true,,,
873,11b7a02f13f9d1b4514c82068dad13550e44eabb,true,true,,,
874,1ea01bf60bcf74c7953a1d4c6df5df1811d909e7,true,true,,,
875,7bac46edc7ae28e1c5b2334f0105acb3337b4bea,true,true,,,
876,f0d641fcf0e13e03d1beecf1da9df1454f5e4811,true,true,,,
877,d263b63de99a2cf3e2fa9266a43a14b7c8c70127,true,true,,,
