INDEX,COMMIT_ID,BUILD_SYSTEM,BUILD_STATUS,ERROR,ACTION
0,d0dc99f7,NOT_FOUND,FAIL,No build system detected,-
1,f4f0e079,NOT_FOUND,FAIL,No build system detected,-
2,99097b88,NOT_FOUND,FAIL,No build system detected,-
3,6ba9e4c9,NOT_FOUND,FAIL,No build system detected,-
4,63d15dc7,NOT_FOUND,FAIL,No build system detected,-
5,aa99dccc,NOT_FOUND,FAIL,No build system detected,-
6,20c5012a,NOT_FOUND,FAIL,No build system detected,-
7,9c3a1c9a,NOT_FOUND,FAIL,No build system detected,-
8,261d606c,NOT_FOUND,FAIL,No build system detected,-
9,9a9d5b9c,NOT_FOUND,FAIL,No build system detected,-
10,b7945d5e,NOT_FOUND,FAIL,No build system detected,-
11,1ec90705,NOT_FOUND,FAIL,No build system detected,-
12,c26680c6,NOT_FOUND,FAIL,No build system detected,-
13,aed76b9f,NOT_FOUND,FAIL,No build system detected,-
14,5a32c96b,NOT_FOUND,FAIL,No build system detected,-
15,54f77e08,NOT_FOUND,FAIL,No build system detected,-
16,d2213db1,NOT_FOUND,FAIL,No build system detected,-
17,694ab520,NOT_FOUND,FAIL,No build system detected,-
18,7d3e0265,NOT_FOUND,FAIL,No build system detected,-
19,2381f7a9,NOT_FOUND,FAIL,No build system detected,-
20,c30234e6,NOT_FOUND,FAIL,No build system detected,-
21,14115933,NOT_FOUND,FAIL,No build system detected,-
22,9a6f6aa7,NOT_FOUND,FAIL,No build system detected,-
23,72a330de,NOT_FOUND,FAIL,No build system detected,-
24,e424a294,NOT_FOUND,FAIL,No build system detected,-
25,e788592d,NOT_FOUND,FAIL,No build system detected,-
26,6cf82bb8,NOT_FOUND,FAIL,No build system detected,-
27,b3aee3ac,NOT_FOUND,FAIL,No build system detected,-
28,3fde2807,NOT_FOUND,FAIL,No build system detected,-
29,f2d929b7,NOT_FOUND,FAIL,No build system detected,-
30,9345738f,NOT_FOUND,FAIL,No build system detected,-
31,d954ef17,NOT_FOUND,FAIL,No build system detected,-
32,a02790ce,NOT_FOUND,FAIL,No build system detected,-
33,c3cc578e,NOT_FOUND,FAIL,No build system detected,-
34,d3edaa04,NOT_FOUND,FAIL,No build system detected,-
35,f7b2490f,NOT_FOUND,FAIL,No build system detected,-
36,b768c232,NOT_FOUND,FAIL,No build system detected,-
37,9e477581,NOT_FOUND,FAIL,No build system detected,-
38,9e7db3f3,NOT_FOUND,FAIL,No build system detected,-
39,1b0044b5,NOT_FOUND,FAIL,No build system detected,-
40,21d8a66e,NOT_FOUND,FAIL,No build system detected,-
41,7b699d78,NOT_FOUND,FAIL,No build system detected,-
42,9d1a345a,NOT_FOUND,FAIL,No build system detected,-
43,c7bb7f58,NOT_FOUND,FAIL,No build system detected,-
44,14cf694d,NOT_FOUND,FAIL,No build system detected,-
45,a7e1adb5,NOT_FOUND,FAIL,No build system detected,-
46,5b1c3bf7,NOT_FOUND,FAIL,No build system detected,-
47,9a1fe631,NOT_FOUND,FAIL,No build system detected,-
48,f5d54360,NOT_FOUND,FAIL,No build system detected,-
49,3ad3ff2b,NOT_FOUND,FAIL,No build system detected,-
50,3e05aac8,NOT_FOUND,FAIL,No build system detected,-
51,d843e3f2,NOT_FOUND,FAIL,No build system detected,-
52,0e19041b,NOT_FOUND,FAIL,No build system detected,-
53,add3a53c,NOT_FOUND,FAIL,No build system detected,-
54,8fd37eaa,NOT_FOUND,FAIL,No build system detected,-
55,944245e9,NOT_FOUND,FAIL,No build system detected,-
56,bc38cfca,NOT_FOUND,FAIL,No build system detected,-
57,ba6ce19f,NOT_FOUND,FAIL,No build system detected,-
58,9ba6a7f8,NOT_FOUND,FAIL,No build system detected,-
59,e6ddd5e1,NOT_FOUND,FAIL,No build system detected,-
60,4892ccba,NOT_FOUND,FAIL,No build system detected,-
61,8b60d8e9,NOT_FOUND,FAIL,No build system detected,-
62,4bbe498d,NOT_FOUND,FAIL,No build system detected,-
63,0c3abd83,NOT_FOUND,FAIL,No build system detected,-
64,fed3c85e,NOT_FOUND,FAIL,No build system detected,-
65,47b000f2,NOT_FOUND,FAIL,No build system detected,-
66,9ca2d2a5,NOT_FOUND,FAIL,No build system detected,-
67,94ce126d,NOT_FOUND,FAIL,No build system detected,-
68,8524aa13,NOT_FOUND,FAIL,No build system detected,-
69,a91f4cd5,NOT_FOUND,FAIL,No build system detected,-
70,6e44eada,NOT_FOUND,FAIL,No build system detected,-
71,a9623ebc,NOT_FOUND,FAIL,No build system detected,-
72,7790893a,NOT_FOUND,FAIL,No build system detected,-
73,30e16c94,NOT_FOUND,FAIL,No build system detected,-
74,63c4b52c,NOT_FOUND,FAIL,No build system detected,-
75,c5bbad13,NOT_FOUND,FAIL,No build system detected,-
76,fd2497f2,NOT_FOUND,FAIL,No build system detected,-
77,631f5388,NOT_FOUND,FAIL,No build system detected,-
78,ecd922f0,NOT_FOUND,FAIL,No build system detected,-
79,0335cdd3,NOT_FOUND,FAIL,No build system detected,-
80,48ecaf2a,NOT_FOUND,FAIL,No build system detected,-
81,cc8e6e0d,NOT_FOUND,FAIL,No build system detected,-
82,aa9869c7,NOT_FOUND,FAIL,No build system detected,-
83,698dcc52,NOT_FOUND,FAIL,No build system detected,-
84,30e86404,NOT_FOUND,FAIL,No build system detected,-
85,829ef545,NOT_FOUND,FAIL,No build system detected,-
86,02c69355,NOT_FOUND,FAIL,No build system detected,-
87,7788446d,NOT_FOUND,FAIL,No build system detected,-
88,a1a853ad,NOT_FOUND,FAIL,No build system detected,-
89,246ba3c4,NOT_FOUND,FAIL,No build system detected,-
90,d65b4e24,NOT_FOUND,FAIL,No build system detected,-
91,43768c60,NOT_FOUND,FAIL,No build system detected,-
92,d5beac87,NOT_FOUND,FAIL,No build system detected,-
93,6ddd78ec,NOT_FOUND,FAIL,No build system detected,-
94,a783afc9,NOT_FOUND,FAIL,No build system detected,-
95,4af11e28,NOT_FOUND,FAIL,No build system detected,-
96,12e22953,NOT_FOUND,FAIL,No build system detected,-
97,218235f3,NOT_FOUND,FAIL,No build system detected,-
98,d4e1b8d2,NOT_FOUND,FAIL,No build system detected,-
99,91f2c5e2,NOT_FOUND,FAIL,No build system detected,-
100,f0f31bbb,NOT_FOUND,FAIL,No build system detected,-
101,e7fcc2c4,NOT_FOUND,FAIL,No build system detected,-
102,cfda6230,NOT_FOUND,FAIL,No build system detected,-
103,315121c9,NOT_FOUND,FAIL,No build system detected,-
104,4f78e79a,NOT_FOUND,FAIL,No build system detected,-
105,2346bb54,NOT_FOUND,FAIL,No build system detected,-
106,0cf904cd,NOT_FOUND,FAIL,No build system detected,-
107,cd66f879,NOT_FOUND,FAIL,No build system detected,-
108,765d8716,NOT_FOUND,FAIL,No build system detected,-
109,176160db,NOT_FOUND,FAIL,No build system detected,-
110,6b102d07,NOT_FOUND,FAIL,No build system detected,-
111,fbb2d320,NOT_FOUND,FAIL,No build system detected,-
112,bcbe1827,NOT_FOUND,FAIL,No build system detected,-
113,7372c402,NOT_FOUND,FAIL,No build system detected,-
114,a6d16783,NOT_FOUND,FAIL,No build system detected,-
115,74c6a79e,NOT_FOUND,FAIL,No build system detected,-
116,201f6877,NOT_FOUND,FAIL,No build system detected,-
117,09f2f235,NOT_FOUND,FAIL,No build system detected,-
118,c89992ab,NOT_FOUND,FAIL,No build system detected,-
119,0e66ce50,NOT_FOUND,FAIL,No build system detected,-
120,492b0e21,NOT_FOUND,FAIL,No build system detected,-
121,589aa7a7,NOT_FOUND,FAIL,No build system detected,-
122,7d1a651a,NOT_FOUND,FAIL,No build system detected,-
123,60286a80,NOT_FOUND,FAIL,No build system detected,-
124,2445e393,NOT_FOUND,FAIL,No build system detected,-
125,08db6c5f,NOT_FOUND,FAIL,No build system detected,-
126,23c6471e,NOT_FOUND,FAIL,No build system detected,-
127,f5df0a6d,NOT_FOUND,FAIL,No build system detected,-
128,ee6e5445,NOT_FOUND,FAIL,No build system detected,-
129,82880fc1,NOT_FOUND,FAIL,No build system detected,-
130,5d63cce9,NOT_FOUND,FAIL,No build system detected,-
131,a920e5b3,NOT_FOUND,FAIL,No build system detected,-
132,9a42084e,NOT_FOUND,FAIL,No build system detected,-
133,0df8fcfd,NOT_FOUND,FAIL,No build system detected,-
134,403328de,NOT_FOUND,FAIL,No build system detected,-
135,8525d3cf,NOT_FOUND,FAIL,No build system detected,-
136,b5f291b1,NOT_FOUND,FAIL,No build system detected,-
137,07b21f69,NOT_FOUND,FAIL,No build system detected,-
138,8df89757,NOT_FOUND,FAIL,No build system detected,-
139,5712c83e,NOT_FOUND,FAIL,No build system detected,-
140,7e75e3cc,NOT_FOUND,FAIL,No build system detected,-
141,09533643,NOT_FOUND,FAIL,No build system detected,-
142,06b1c010,NOT_FOUND,FAIL,No build system detected,-
143,78a3a799,NOT_FOUND,FAIL,No build system detected,-
144,d34903e1,NOT_FOUND,FAIL,No build system detected,-
145,dc2ab5af,NOT_FOUND,FAIL,No build system detected,-
146,6352fca4,NOT_FOUND,FAIL,No build system detected,-
147,f4d3bac3,NOT_FOUND,FAIL,No build system detected,-
148,2e920e65,NOT_FOUND,FAIL,No build system detected,-
149,8f5da617,NOT_FOUND,FAIL,No build system detected,-
150,a65f5988,NOT_FOUND,FAIL,No build system detected,-
151,595d5a60,NOT_FOUND,FAIL,No build system detected,-
152,f4d3f74f,NOT_FOUND,FAIL,No build system detected,-
153,b189cd95,NOT_FOUND,FAIL,No build system detected,-
154,44d68827,NOT_FOUND,FAIL,No build system detected,-
155,48645151,NOT_FOUND,FAIL,No build system detected,-
156,995bf39e,NOT_FOUND,FAIL,No build system detected,-
157,6f6d1eae,NOT_FOUND,FAIL,No build system detected,-
158,838f5e7a,NOT_FOUND,FAIL,No build system detected,-
159,1321ef41,NOT_FOUND,FAIL,No build system detected,-
160,dc093117,NOT_FOUND,FAIL,No build system detected,-
161,58f46985,NOT_FOUND,FAIL,No build system detected,-
162,2b150596,NOT_FOUND,FAIL,No build system detected,-
163,da3f9ebb,NOT_FOUND,FAIL,No build system detected,-
164,54bf14dc,NOT_FOUND,FAIL,No build system detected,-
165,c909784a,NOT_FOUND,FAIL,No build system detected,-
166,421a40ab,NOT_FOUND,FAIL,No build system detected,-
167,ed19f16e,NOT_FOUND,FAIL,No build system detected,-
168,5bee6024,NOT_FOUND,FAIL,No build system detected,-
169,1cbe9ada,NOT_FOUND,FAIL,No build system detected,-
170,1204eb92,NOT_FOUND,FAIL,No build system detected,-
171,6ebfe524,NOT_FOUND,FAIL,No build system detected,-
172,cf8a8597,NOT_FOUND,FAIL,No build system detected,-
173,cf2db99a,NOT_FOUND,FAIL,No build system detected,-
174,00099d20,NOT_FOUND,FAIL,No build system detected,-
175,72312b66,NOT_FOUND,FAIL,No build system detected,-
176,02790f22,NOT_FOUND,FAIL,No build system detected,-
177,c3cb760e,NOT_FOUND,FAIL,No build system detected,-
178,a90d10b0,NOT_FOUND,FAIL,No build system detected,-
179,0f4a1fea,NOT_FOUND,FAIL,No build system detected,-
180,4f2b58d9,NOT_FOUND,FAIL,No build system detected,-
181,5b90ac9f,NOT_FOUND,FAIL,No build system detected,-
182,ce16a15e,NOT_FOUND,FAIL,No build system detected,-
183,45ddb7aa,NOT_FOUND,FAIL,No build system detected,-
184,cdfc7129,NOT_FOUND,FAIL,No build system detected,-
185,e9570a79,NOT_FOUND,FAIL,No build system detected,-
186,0b35a911,NOT_FOUND,FAIL,No build system detected,-
187,03da66d1,NOT_FOUND,FAIL,No build system detected,-
188,47c1395c,NOT_FOUND,FAIL,No build system detected,-
189,6fad3a99,NOT_FOUND,FAIL,No build system detected,-
190,89603b7b,NOT_FOUND,FAIL,No build system detected,-
191,4bb39ea7,NOT_FOUND,FAIL,No build system detected,-
192,5fd685b5,NOT_FOUND,FAIL,No build system detected,-
193,78de4dfe,NOT_FOUND,FAIL,No build system detected,-
194,2de9ecc0,NOT_FOUND,FAIL,No build system detected,-
195,b5f2cc7c,NOT_FOUND,FAIL,No build system detected,-
196,e4346feb,NOT_FOUND,FAIL,No build system detected,-
197,2572ad1b,NOT_FOUND,FAIL,No build system detected,-
198,3e08be2d,NOT_FOUND,FAIL,No build system detected,-
199,8f2e43b4,NOT_FOUND,FAIL,No build system detected,-
200,690eb1a8,NOT_FOUND,FAIL,No build system detected,-
201,96472b57,NOT_FOUND,FAIL,No build system detected,-
202,5d933903,NOT_FOUND,FAIL,No build system detected,-
203,9b9306ce,NOT_FOUND,FAIL,No build system detected,-
204,f9653e3d,NOT_FOUND,FAIL,No build system detected,-
205,0cac95e8,NOT_FOUND,FAIL,No build system detected,-
206,5f9da61b,NOT_FOUND,FAIL,No build system detected,-
207,66c4eb93,NOT_FOUND,FAIL,No build system detected,-
208,600ec1e0,NOT_FOUND,FAIL,No build system detected,-
209,bdd82818,NOT_FOUND,FAIL,No build system detected,-
210,38a5b819,NOT_FOUND,FAIL,No build system detected,-
211,4a5ee7e7,NOT_FOUND,FAIL,No build system detected,-
212,dea28843,NOT_FOUND,FAIL,No build system detected,-
213,85c263d0,NOT_FOUND,FAIL,No build system detected,-
214,02eb7f1a,NOT_FOUND,FAIL,No build system detected,-
215,2307c6ae,NOT_FOUND,FAIL,No build system detected,-
216,f5b69c98,NOT_FOUND,FAIL,No build system detected,-
217,091d5470,NOT_FOUND,FAIL,No build system detected,-
218,66ca5ba2,NOT_FOUND,FAIL,No build system detected,-
219,1ff7357b,NOT_FOUND,FAIL,No build system detected,-
220,85a7b1bf,NOT_FOUND,FAIL,No build system detected,-
221,7e4d73bb,NOT_FOUND,FAIL,No build system detected,-
222,bd83d0f0,NOT_FOUND,FAIL,No build system detected,-
223,e11e8ab3,NOT_FOUND,FAIL,No build system detected,-
224,df0dc630,NOT_FOUND,FAIL,No build system detected,-
225,59fe07d1,NOT_FOUND,FAIL,No build system detected,-
226,af5541aa,NOT_FOUND,FAIL,No build system detected,-
227,748888ea,NOT_FOUND,FAIL,No build system detected,-
228,394ee0ec,NOT_FOUND,FAIL,No build system detected,-
229,a8369ed6,NOT_FOUND,FAIL,No build system detected,-
230,e4d8bb06,NOT_FOUND,FAIL,No build system detected,-
231,880fb5b2,NOT_FOUND,FAIL,No build system detected,-
232,6842e07b,NOT_FOUND,FAIL,No build system detected,-
233,996e274a,NOT_FOUND,FAIL,No build system detected,-
234,9f1507aa,NOT_FOUND,FAIL,No build system detected,-
235,63d52bf9,NOT_FOUND,FAIL,No build system detected,-
236,5ad28b59,NOT_FOUND,FAIL,No build system detected,-
237,0a3ee4e7,NOT_FOUND,FAIL,No build system detected,-
238,0118500d,NOT_FOUND,FAIL,No build system detected,-
239,6a1ebf6b,NOT_FOUND,FAIL,No build system detected,-
240,8361609f,NOT_FOUND,FAIL,No build system detected,-
241,f74a1c52,NOT_FOUND,FAIL,No build system detected,-
242,6578a050,NOT_FOUND,FAIL,No build system detected,-
243,82eae82c,NOT_FOUND,FAIL,No build system detected,-
244,25ddb301,NOT_FOUND,FAIL,No build system detected,-
245,54ff533b,NOT_FOUND,FAIL,No build system detected,-
246,430bbe2e,NOT_FOUND,FAIL,No build system detected,-
247,844e1811,NOT_FOUND,FAIL,No build system detected,-
248,01f7adc6,NOT_FOUND,FAIL,No build system detected,-
249,c141b2f9,NOT_FOUND,FAIL,No build system detected,-
250,f0d2ec0e,NOT_FOUND,FAIL,No build system detected,-
251,7b8c20f7,NOT_FOUND,FAIL,No build system detected,-
252,d9a03c4d,NOT_FOUND,FAIL,No build system detected,-
253,adc681c5,NOT_FOUND,FAIL,No build system detected,-
254,dc381a1a,NOT_FOUND,FAIL,No build system detected,-
255,09f3b942,NOT_FOUND,FAIL,No build system detected,-
256,7bd5f1ba,NOT_FOUND,FAIL,No build system detected,-
257,f87b46f8,NOT_FOUND,FAIL,No build system detected,-
258,e267af6f,NOT_FOUND,FAIL,No build system detected,-
259,2589b345,NOT_FOUND,FAIL,No build system detected,-
260,75d8811e,NOT_FOUND,FAIL,No build system detected,-
261,b0d61af3,NOT_FOUND,FAIL,No build system detected,-
262,063f38a2,NOT_FOUND,FAIL,No build system detected,-
263,36272988,NOT_FOUND,FAIL,No build system detected,-
264,aeebb752,NOT_FOUND,FAIL,No build system detected,-
265,083039a3,NOT_FOUND,FAIL,No build system detected,-
266,54547bae,NOT_FOUND,FAIL,No build system detected,-
267,a0224cc7,NOT_FOUND,FAIL,No build system detected,-
268,9842b15d,NOT_FOUND,FAIL,No build system detected,-
269,cac47ad5,NOT_FOUND,FAIL,No build system detected,-
270,4b137234,NOT_FOUND,FAIL,No build system detected,-
271,b80718e6,NOT_FOUND,FAIL,No build system detected,-
272,9c372d5c,NOT_FOUND,FAIL,No build system detected,-
273,39abc83a,NOT_FOUND,FAIL,No build system detected,-
274,1a2bc6fe,NOT_FOUND,FAIL,No build system detected,-
275,11be7b2e,NOT_FOUND,FAIL,No build system detected,-
276,7a66299c,NOT_FOUND,FAIL,No build system detected,-
277,fe9f1360,NOT_FOUND,FAIL,No build system detected,-
278,f74fc0c1,NOT_FOUND,FAIL,No build system detected,-
279,7e44f6b1,NOT_FOUND,FAIL,No build system detected,-
280,3975d3fe,NOT_FOUND,FAIL,No build system detected,-
281,c78f7166,NOT_FOUND,FAIL,No build system detected,-
282,5207a6f7,NOT_FOUND,FAIL,No build system detected,-
283,655f2a8b,NOT_FOUND,FAIL,No build system detected,-
284,d51b29c8,NOT_FOUND,FAIL,No build system detected,-
285,c71d8c0b,NOT_FOUND,FAIL,No build system detected,-
286,2af3e751,NOT_FOUND,FAIL,No build system detected,-
287,86f6e040,NOT_FOUND,FAIL,No build system detected,-
288,eb04d9fb,NOT_FOUND,FAIL,No build system detected,-
289,2e6b6b0d,NOT_FOUND,FAIL,No build system detected,-
290,d37551c1,NOT_FOUND,FAIL,No build system detected,-
291,0487445d,NOT_FOUND,FAIL,No build system detected,-
292,a415e630,NOT_FOUND,FAIL,No build system detected,-
293,a4c957a3,NOT_FOUND,FAIL,No build system detected,-
294,53ec8fa3,NOT_FOUND,FAIL,No build system detected,-
295,cd553da7,NOT_FOUND,FAIL,No build system detected,-
296,219e1986,NOT_FOUND,FAIL,No build system detected,-
297,188f8b8a,NOT_FOUND,FAIL,No build system detected,-
298,a88623af,NOT_FOUND,FAIL,No build system detected,-
299,edc4891e,NOT_FOUND,FAIL,No build system detected,-
300,52c78139,NOT_FOUND,FAIL,No build system detected,-
301,f5babd85,NOT_FOUND,FAIL,No build system detected,-
302,10d27cb7,NOT_FOUND,FAIL,No build system detected,-
303,dc275517,NOT_FOUND,FAIL,No build system detected,-
304,aa94ee00,NOT_FOUND,FAIL,No build system detected,-
305,47dde932,NOT_FOUND,FAIL,No build system detected,-
306,14b3b12e,NOT_FOUND,FAIL,No build system detected,-
307,f26129c3,NOT_FOUND,FAIL,No build system detected,-
308,0d5b2675,NOT_FOUND,FAIL,No build system detected,-
309,185303f4,NOT_FOUND,FAIL,No build system detected,-
310,27576dc8,NOT_FOUND,FAIL,No build system detected,-
311,b363b3f7,NOT_FOUND,FAIL,No build system detected,-
312,3968c670,NOT_FOUND,FAIL,No build system detected,-
313,fa8511d0,NOT_FOUND,FAIL,No build system detected,-
314,e0589c23,NOT_FOUND,FAIL,No build system detected,-
315,bccac612,NOT_FOUND,FAIL,No build system detected,-
316,570e3174,NOT_FOUND,FAIL,No build system detected,-
317,44fb564d,NOT_FOUND,FAIL,No build system detected,-
318,0bbe798b,NOT_FOUND,FAIL,No build system detected,-
319,886fa3a8,NOT_FOUND,FAIL,No build system detected,-
320,8ba7a86f,NOT_FOUND,FAIL,No build system detected,-
321,e3b5f5ed,NOT_FOUND,FAIL,No build system detected,-
322,a941ad8e,NOT_FOUND,FAIL,No build system detected,-
323,4a71084c,NOT_FOUND,FAIL,No build system detected,-
324,7737cfad,NOT_FOUND,FAIL,No build system detected,-
325,6cb80518,NOT_FOUND,FAIL,No build system detected,-
326,0b074495,NOT_FOUND,FAIL,No build system detected,-
327,2a9dbde3,NOT_FOUND,FAIL,No build system detected,-
328,28abbed3,NOT_FOUND,FAIL,No build system detected,-
329,c49b1e6b,NOT_FOUND,FAIL,No build system detected,-
330,f1bff2bc,NOT_FOUND,FAIL,No build system detected,-
331,569c216b,NOT_FOUND,FAIL,No build system detected,-
332,e3673c44,NOT_FOUND,FAIL,No build system detected,-
333,7db449ff,NOT_FOUND,FAIL,No build system detected,-
334,dc17288d,NOT_FOUND,FAIL,No build system detected,-
335,11963e8b,NOT_FOUND,FAIL,No build system detected,-
336,1f0ef828,NOT_FOUND,FAIL,No build system detected,-
337,0cc700f8,NOT_FOUND,FAIL,No build system detected,-
338,6a34952c,NOT_FOUND,FAIL,No build system detected,-
339,6a80a5a5,NOT_FOUND,FAIL,No build system detected,-
340,20decbdf,NOT_FOUND,FAIL,No build system detected,-
341,b705cdd1,NOT_FOUND,FAIL,No build system detected,-
342,86bdf0d7,NOT_FOUND,FAIL,No build system detected,-
343,236234a4,NOT_FOUND,FAIL,No build system detected,-
344,2b01fdf5,NOT_FOUND,FAIL,No build system detected,-
345,5fce941a,NOT_FOUND,FAIL,No build system detected,-
346,49756fbb,NOT_FOUND,FAIL,No build system detected,-
347,ef0022b7,NOT_FOUND,FAIL,No build system detected,-
348,5e4dcc97,NOT_FOUND,FAIL,No build system detected,-
349,4c220112,NOT_FOUND,FAIL,No build system detected,-
350,5d06b6a2,NOT_FOUND,FAIL,No build system detected,-
351,2c103dad,NOT_FOUND,FAIL,No build system detected,-
352,7bade49a,NOT_FOUND,FAIL,No build system detected,-
353,84a48bbe,NOT_FOUND,FAIL,No build system detected,-
354,43fa6d8c,NOT_FOUND,FAIL,No build system detected,-
355,a9d1eefc,NOT_FOUND,FAIL,No build system detected,-
356,360da399,NOT_FOUND,FAIL,No build system detected,-
357,49fe4a73,NOT_FOUND,FAIL,No build system detected,-
358,551759eb,NOT_FOUND,FAIL,No build system detected,-
359,0d426c11,NOT_FOUND,FAIL,No build system detected,-
360,835b3c37,NOT_FOUND,FAIL,No build system detected,-
361,b4cb1bb6,NOT_FOUND,FAIL,No build system detected,-
362,76b7cffa,NOT_FOUND,FAIL,No build system detected,-
363,ffe778e9,NOT_FOUND,FAIL,No build system detected,-
364,0b66a6c2,NOT_FOUND,FAIL,No build system detected,-
365,3ac29b6a,NOT_FOUND,FAIL,No build system detected,-
366,85486fa3,NOT_FOUND,FAIL,No build system detected,-
367,0f3c50b2,NOT_FOUND,FAIL,No build system detected,-
368,73aa916b,NOT_FOUND,FAIL,No build system detected,-
369,37eb25e2,NOT_FOUND,FAIL,No build system detected,-
370,bd5b0761,NOT_FOUND,FAIL,No build system detected,-
371,232a5f27,NOT_FOUND,FAIL,No build system detected,-
372,51c0e0f0,NOT_FOUND,FAIL,No build system detected,-
373,c6479639,NOT_FOUND,FAIL,No build system detected,-
374,9c47f16d,NOT_FOUND,FAIL,No build system detected,-
375,de133562,NOT_FOUND,FAIL,No build system detected,-
376,b380570f,NOT_FOUND,FAIL,No build system detected,-
377,aebaf5ad,NOT_FOUND,FAIL,No build system detected,-
378,5acde7cc,NOT_FOUND,FAIL,No build system detected,-
379,46590a24,NOT_FOUND,FAIL,No build system detected,-
380,733e9060,NOT_FOUND,FAIL,No build system detected,-
381,073fed3c,NOT_FOUND,FAIL,No build system detected,-
382,b28754be,NOT_FOUND,FAIL,No build system detected,-
383,64d932db,NOT_FOUND,FAIL,No build system detected,-
384,58f4a51c,NOT_FOUND,FAIL,No build system detected,-
385,4abe2c51,NOT_FOUND,FAIL,No build system detected,-
386,33e219da,NOT_FOUND,FAIL,No build system detected,-
387,46c32414,NOT_FOUND,FAIL,No build system detected,-
388,02bf0782,NOT_FOUND,FAIL,No build system detected,-
389,a2556558,NOT_FOUND,FAIL,No build system detected,-
390,8180b3ad,NOT_FOUND,FAIL,No build system detected,-
391,bfca683c,NOT_FOUND,FAIL,No build system detected,-
392,da202f30,NOT_FOUND,FAIL,No build system detected,-
393,c75db317,NOT_FOUND,FAIL,No build system detected,-
394,a73d0718,NOT_FOUND,FAIL,No build system detected,-
395,2eb5c18a,NOT_FOUND,FAIL,No build system detected,-
396,bf7f899c,NOT_FOUND,FAIL,No build system detected,-
397,994ffdd0,NOT_FOUND,FAIL,No build system detected,-
398,ba91a0fe,NOT_FOUND,FAIL,No build system detected,-
399,89dc5dff,NOT_FOUND,FAIL,No build system detected,-
400,95367930,NOT_FOUND,FAIL,No build system detected,-
401,98fc4fa5,NOT_FOUND,FAIL,No build system detected,-
402,a6cec523,NOT_FOUND,FAIL,No build system detected,-
403,5daf992c,NOT_FOUND,FAIL,No build system detected,-
404,f54013db,NOT_FOUND,FAIL,No build system detected,-
405,1bf2f68d,NOT_FOUND,FAIL,No build system detected,-
406,1111f49a,NOT_FOUND,FAIL,No build system detected,-
407,4bc22480,NOT_FOUND,FAIL,No build system detected,-
408,b59070a2,NOT_FOUND,FAIL,No build system detected,-
409,e0711fd0,NOT_FOUND,FAIL,No build system detected,-
410,155befa7,NOT_FOUND,FAIL,No build system detected,-
411,4a8550f0,NOT_FOUND,FAIL,No build system detected,-
412,78f74dcc,NOT_FOUND,FAIL,No build system detected,-
413,c1932c31,NOT_FOUND,FAIL,No build system detected,-
414,d6341815,NOT_FOUND,FAIL,No build system detected,-
415,bef09ccd,NOT_FOUND,FAIL,No build system detected,-
416,baa69cbd,NOT_FOUND,FAIL,No build system detected,-
417,c86e3b16,NOT_FOUND,FAIL,No build system detected,-
418,54de07d2,NOT_FOUND,FAIL,No build system detected,-
419,12e6d8a3,NOT_FOUND,FAIL,No build system detected,-
420,05c03e64,NOT_FOUND,FAIL,No build system detected,-
421,2d782257,NOT_FOUND,FAIL,No build system detected,-
422,a9afc9aa,NOT_FOUND,FAIL,No build system detected,-
423,4ea7b793,NOT_FOUND,FAIL,No build system detected,-
424,845299fe,NOT_FOUND,FAIL,No build system detected,-
425,4739066c,NOT_FOUND,FAIL,No build system detected,-
426,8cc60174,NOT_FOUND,FAIL,No build system detected,-
427,596909f0,NOT_FOUND,FAIL,No build system detected,-
428,e6a25ff9,NOT_FOUND,FAIL,No build system detected,-
429,bfb57214,NOT_FOUND,FAIL,No build system detected,-
430,96625124,NOT_FOUND,FAIL,No build system detected,-
431,d051be5d,NOT_FOUND,FAIL,No build system detected,-
432,2153fdbc,NOT_FOUND,FAIL,No build system detected,-
433,724e2e8a,NOT_FOUND,FAIL,No build system detected,-
434,57352dbc,NOT_FOUND,FAIL,No build system detected,-
435,54ffa235,NOT_FOUND,FAIL,No build system detected,-
436,70a11825,NOT_FOUND,FAIL,No build system detected,-
437,1b163aec,NOT_FOUND,FAIL,No build system detected,-
438,71b9fa30,NOT_FOUND,FAIL,No build system detected,-
439,62f89d1c,NOT_FOUND,FAIL,No build system detected,-
440,2806c0ac,NOT_FOUND,FAIL,No build system detected,-
441,5ccf24a8,NOT_FOUND,FAIL,No build system detected,-
442,7464e03d,NOT_FOUND,FAIL,No build system detected,-
443,e3638ad7,NOT_FOUND,FAIL,No build system detected,-
444,85809026,NOT_FOUND,FAIL,No build system detected,-
445,26f2e8d3,NOT_FOUND,FAIL,No build system detected,-
446,5ed48599,NOT_FOUND,FAIL,No build system detected,-
447,d5a6a759,NOT_FOUND,FAIL,No build system detected,-
448,deccb175,NOT_FOUND,FAIL,No build system detected,-
449,1ea97b1a,NOT_FOUND,FAIL,No build system detected,-
450,a5a9ef07,NOT_FOUND,FAIL,No build system detected,-
451,39dc8eb2,NOT_FOUND,FAIL,No build system detected,-
452,86f18ad5,NOT_FOUND,FAIL,No build system detected,-
453,c9d5b830,NOT_FOUND,FAIL,No build system detected,-
454,62aee60a,NOT_FOUND,FAIL,No build system detected,-
455,0afb1864,NOT_FOUND,FAIL,No build system detected,-
456,dffd2894,NOT_FOUND,FAIL,No build system detected,-
457,c28c82f7,NOT_FOUND,FAIL,No build system detected,-
458,be2425db,NOT_FOUND,FAIL,No build system detected,-
459,cf0ea519,NOT_FOUND,FAIL,No build system detected,-
460,191aae1b,NOT_FOUND,FAIL,No build system detected,-
461,31e40489,NOT_FOUND,FAIL,No build system detected,-
462,45eac48c,NOT_FOUND,FAIL,No build system detected,-
463,f0ddcd8c,NOT_FOUND,FAIL,No build system detected,-
464,8b3d7b8b,NOT_FOUND,FAIL,No build system detected,-
465,bd98fe2f,NOT_FOUND,FAIL,No build system detected,-
466,c5544903,NOT_FOUND,FAIL,No build system detected,-
467,70845744,NOT_FOUND,FAIL,No build system detected,-
468,c2df21ac,NOT_FOUND,FAIL,No build system detected,-
469,d6203fbb,NOT_FOUND,FAIL,No build system detected,-
470,0eb3e479,NOT_FOUND,FAIL,No build system detected,-
471,10405daa,NOT_FOUND,FAIL,No build system detected,-
472,8f5bc5c2,NOT_FOUND,FAIL,No build system detected,-
473,1364717a,NOT_FOUND,FAIL,No build system detected,-
474,da024485,NOT_FOUND,FAIL,No build system detected,-
475,a0fd67c5,NOT_FOUND,FAIL,No build system detected,-
476,2aaa1244,NOT_FOUND,FAIL,No build system detected,-
477,15267c3d,NOT_FOUND,FAIL,No build system detected,-
478,f5f9ab76,NOT_FOUND,FAIL,No build system detected,-
479,c93322a5,NOT_FOUND,FAIL,No build system detected,-
480,404827c5,NOT_FOUND,FAIL,No build system detected,-
481,4277149f,NOT_FOUND,FAIL,No build system detected,-
482,da8113e3,NOT_FOUND,FAIL,No build system detected,-
483,4984e8ec,NOT_FOUND,FAIL,No build system detected,-
484,0789f829,NOT_FOUND,FAIL,No build system detected,-
485,0d4bf5da,NOT_FOUND,FAIL,No build system detected,-
486,5174c05c,NOT_FOUND,FAIL,No build system detected,-
487,40cfb0fa,NOT_FOUND,FAIL,No build system detected,-
488,290a8498,NOT_FOUND,FAIL,No build system detected,-
489,a799c10f,NOT_FOUND,FAIL,No build system detected,-
490,d12b7657,NOT_FOUND,FAIL,No build system detected,-
491,e0c06f10,NOT_FOUND,FAIL,No build system detected,-
492,dbb7af2d,NOT_FOUND,FAIL,No build system detected,-
493,869827d5,NOT_FOUND,FAIL,No build system detected,-
494,6c89d268,NOT_FOUND,FAIL,No build system detected,-
495,86b930b7,NOT_FOUND,FAIL,No build system detected,-
496,a4645b98,NOT_FOUND,FAIL,No build system detected,-
497,74a69386,NOT_FOUND,FAIL,No build system detected,-
498,e03caf9d,NOT_FOUND,FAIL,No build system detected,-
499,a01bc076,NOT_FOUND,FAIL,No build system detected,-
500,edc17df1,NOT_FOUND,FAIL,No build system detected,-
501,c6b2a022,NOT_FOUND,FAIL,No build system detected,-
502,287999f0,NOT_FOUND,FAIL,No build system detected,-
503,525b3ad8,NOT_FOUND,FAIL,No build system detected,-
504,418e090e,NOT_FOUND,FAIL,No build system detected,-
505,176053b0,NOT_FOUND,FAIL,No build system detected,-
506,ec2619cf,NOT_FOUND,FAIL,No build system detected,-
507,3530ce42,NOT_FOUND,FAIL,No build system detected,-
508,1bc3b106,NOT_FOUND,FAIL,No build system detected,-
509,ad198968,NOT_FOUND,FAIL,No build system detected,-
510,99521eb6,NOT_FOUND,FAIL,No build system detected,-
511,2dddaef1,NOT_FOUND,FAIL,No build system detected,-
512,6fdaeb9b,NOT_FOUND,FAIL,No build system detected,-
513,ed09de4f,NOT_FOUND,FAIL,No build system detected,-
514,447b013d,NOT_FOUND,FAIL,No build system detected,-
515,f2a5dbaf,NOT_FOUND,FAIL,No build system detected,-
516,b4813e80,NOT_FOUND,FAIL,No build system detected,-
517,305ba886,NOT_FOUND,FAIL,No build system detected,-
518,564849a7,NOT_FOUND,FAIL,No build system detected,-
519,0546b4a4,NOT_FOUND,FAIL,No build system detected,-
520,9a2180c5,NOT_FOUND,FAIL,No build system detected,-
521,6e2c2363,NOT_FOUND,FAIL,No build system detected,-
522,24986a85,NOT_FOUND,FAIL,No build system detected,-
523,09c71c8c,NOT_FOUND,FAIL,No build system detected,-
524,a15e2bcb,NOT_FOUND,FAIL,No build system detected,-
525,98876742,NOT_FOUND,FAIL,No build system detected,-
526,5ee22a23,NOT_FOUND,FAIL,No build system detected,-
527,70527e8b,NOT_FOUND,FAIL,No build system detected,-
528,6d7b2554,NOT_FOUND,FAIL,No build system detected,-
529,89cd981c,NOT_FOUND,FAIL,No build system detected,-
530,cf3e82c2,NOT_FOUND,FAIL,No build system detected,-
531,54d070b1,NOT_FOUND,FAIL,No build system detected,-
532,000a950f,NOT_FOUND,FAIL,No build system detected,-
533,1df7f04e,NOT_FOUND,FAIL,No build system detected,-
534,12c9cafb,NOT_FOUND,FAIL,No build system detected,-
535,9dc9c059,NOT_FOUND,FAIL,No build system detected,-
536,5c8eedba,NOT_FOUND,FAIL,No build system detected,-
537,7bf50a56,NOT_FOUND,FAIL,No build system detected,-
538,c4c9270a,NOT_FOUND,FAIL,No build system detected,-
539,83b8ff37,NOT_FOUND,FAIL,No build system detected,-
540,73e8cce0,NOT_FOUND,FAIL,No build system detected,-
541,40905909,NOT_FOUND,FAIL,No build system detected,-
542,3870ebdb,NOT_FOUND,FAIL,No build system detected,-
543,37a1ec7b,NOT_FOUND,FAIL,No build system detected,-
544,5aa6b82c,NOT_FOUND,FAIL,No build system detected,-
545,1862924d,NOT_FOUND,FAIL,No build system detected,-
546,3454bbc3,NOT_FOUND,FAIL,No build system detected,-
547,df567247,NOT_FOUND,FAIL,No build system detected,-
548,ee2f9d7a,NOT_FOUND,FAIL,No build system detected,-
549,36c98500,NOT_FOUND,FAIL,No build system detected,-
550,30a05154,NOT_FOUND,FAIL,No build system detected,-
551,3bf7f79a,NOT_FOUND,FAIL,No build system detected,-
552,c185e35e,NOT_FOUND,FAIL,No build system detected,-
553,790ff47c,NOT_FOUND,FAIL,No build system detected,-
554,3e075d33,NOT_FOUND,FAIL,No build system detected,-
555,8d9e4020,NOT_FOUND,FAIL,No build system detected,-
556,f9441bda,NOT_FOUND,FAIL,No build system detected,-
557,a06a644a,NOT_FOUND,FAIL,No build system detected,-
558,6697fa72,NOT_FOUND,FAIL,No build system detected,-
559,77bc42ce,NOT_FOUND,FAIL,No build system detected,-
560,384872a0,NOT_FOUND,FAIL,No build system detected,-
561,fcadef31,NOT_FOUND,FAIL,No build system detected,-
562,d0fa716f,NOT_FOUND,FAIL,No build system detected,-
563,f78cf2ca,NOT_FOUND,FAIL,No build system detected,-
564,7d2a8837,NOT_FOUND,FAIL,No build system detected,-
565,3e23a03b,NOT_FOUND,FAIL,No build system detected,-
566,32fe34ef,NOT_FOUND,FAIL,No build system detected,-
567,04a4c1a4,NOT_FOUND,FAIL,No build system detected,-
568,6526315f,NOT_FOUND,FAIL,No build system detected,-
569,e81a52a9,NOT_FOUND,FAIL,No build system detected,-
570,bcb333f5,NOT_FOUND,FAIL,No build system detected,-
571,b8bfb0aa,NOT_FOUND,FAIL,No build system detected,-
572,485d7f7e,NOT_FOUND,FAIL,No build system detected,-
573,c3471eb1,NOT_FOUND,FAIL,No build system detected,-
574,3174455b,NOT_FOUND,FAIL,No build system detected,-
575,dc3faf68,NOT_FOUND,FAIL,No build system detected,-
576,420760b6,NOT_FOUND,FAIL,No build system detected,-
577,56e313ec,NOT_FOUND,FAIL,No build system detected,-
578,121e5f7d,NOT_FOUND,FAIL,No build system detected,-
579,91dbab21,NOT_FOUND,FAIL,No build system detected,-
580,13d7a70c,NOT_FOUND,FAIL,No build system detected,-
581,74293ddd,NOT_FOUND,FAIL,No build system detected,-
582,fbb998b9,NOT_FOUND,FAIL,No build system detected,-
583,0e1af09c,NOT_FOUND,FAIL,No build system detected,-
584,9a774b84,NOT_FOUND,FAIL,No build system detected,-
585,866aa1dd,NOT_FOUND,FAIL,No build system detected,-
586,ee883d6a,NOT_FOUND,FAIL,No build system detected,-
587,7be5a5c5,NOT_FOUND,FAIL,No build system detected,-
588,91c6eeaf,NOT_FOUND,FAIL,No build system detected,-
589,2e7a010a,NOT_FOUND,FAIL,No build system detected,-
590,a2ad0ea3,NOT_FOUND,FAIL,No build system detected,-
591,aedf6ef7,NOT_FOUND,FAIL,No build system detected,-
592,0d454e1d,NOT_FOUND,FAIL,No build system detected,-
593,6538f210,NOT_FOUND,FAIL,No build system detected,-
594,80fb373c,NOT_FOUND,FAIL,No build system detected,-
595,ff147ea7,NOT_FOUND,FAIL,No build system detected,-
596,9f49a695,NOT_FOUND,FAIL,No build system detected,-
597,854aacfc,NOT_FOUND,FAIL,No build system detected,-
598,5935eedb,NOT_FOUND,FAIL,No build system detected,-
599,a46a7ae2,NOT_FOUND,FAIL,No build system detected,-
600,4484fed2,NOT_FOUND,FAIL,No build system detected,-
601,9b968704,NOT_FOUND,FAIL,No build system detected,-
602,0ed2de4e,NOT_FOUND,FAIL,No build system detected,-
603,630bc966,NOT_FOUND,FAIL,No build system detected,-
604,4e455199,NOT_FOUND,FAIL,No build system detected,-
605,4f3246a2,NOT_FOUND,FAIL,No build system detected,-
606,6c136be9,NOT_FOUND,FAIL,No build system detected,-
607,5e7d07c0,NOT_FOUND,FAIL,No build system detected,-
608,72e2a657,NOT_FOUND,FAIL,No build system detected,-
609,d7f9e41c,NOT_FOUND,FAIL,No build system detected,-
610,40d1cea1,NOT_FOUND,FAIL,No build system detected,-
611,b278d1d9,NOT_FOUND,FAIL,No build system detected,-
612,8220cecf,NOT_FOUND,FAIL,No build system detected,-
613,aa2a5ec3,NOT_FOUND,FAIL,No build system detected,-
614,0ceac9fa,NOT_FOUND,FAIL,No build system detected,-
615,2eab53e8,NOT_FOUND,FAIL,No build system detected,-
616,40a1123e,NOT_FOUND,FAIL,No build system detected,-
617,710b86ce,NOT_FOUND,FAIL,No build system detected,-
618,1d7a6544,NOT_FOUND,FAIL,No build system detected,-
619,b3f17700,NOT_FOUND,FAIL,No build system detected,-
620,bdd861ab,NOT_FOUND,FAIL,No build system detected,-
621,5967696d,NOT_FOUND,FAIL,No build system detected,-
622,4b8656ff,NOT_FOUND,FAIL,No build system detected,-
623,8a6cbbfe,NOT_FOUND,FAIL,No build system detected,-
624,0f26824d,NOT_FOUND,FAIL,No build system detected,-
625,8617ca9b,NOT_FOUND,FAIL,No build system detected,-
626,92936520,NOT_FOUND,FAIL,No build system detected,-
627,06c9c90d,NOT_FOUND,FAIL,No build system detected,-
628,e8b73c40,NOT_FOUND,FAIL,No build system detected,-
629,016b788d,NOT_FOUND,FAIL,No build system detected,-
630,14ca27d4,NOT_FOUND,FAIL,No build system detected,-
631,b119a241,NOT_FOUND,FAIL,No build system detected,-
632,49364c50,NOT_FOUND,FAIL,No build system detected,-
633,9bb2e4b5,NOT_FOUND,FAIL,No build system detected,-
634,9a18d73e,NOT_FOUND,FAIL,No build system detected,-
635,52540192,NOT_FOUND,FAIL,No build system detected,-
636,58c31308,NOT_FOUND,FAIL,No build system detected,-
637,5228b00c,NOT_FOUND,FAIL,No build system detected,-
638,bbab14f1,NOT_FOUND,FAIL,No build system detected,-
639,a109335f,NOT_FOUND,FAIL,No build system detected,-
640,ffc7371f,NOT_FOUND,FAIL,No build system detected,-
641,2dccf73f,NOT_FOUND,FAIL,No build system detected,-
642,de5c8dec,NOT_FOUND,FAIL,No build system detected,-
643,453b8233,NOT_FOUND,FAIL,No build system detected,-
644,745d1fd6,NOT_FOUND,FAIL,No build system detected,-
645,94b8ca51,NOT_FOUND,FAIL,No build system detected,-
646,12ff9f04,NOT_FOUND,FAIL,No build system detected,-
647,81efdeb4,NOT_FOUND,FAIL,No build system detected,-
648,9d7ead84,NOT_FOUND,FAIL,No build system detected,-
649,6810f25d,NOT_FOUND,FAIL,No build system detected,-
650,93cebc5d,NOT_FOUND,FAIL,No build system detected,-
651,2ace7308,NOT_FOUND,FAIL,No build system detected,-
652,8e033f2f,NOT_FOUND,FAIL,No build system detected,-
653,6b2938f1,NOT_FOUND,FAIL,No build system detected,-
654,f4a2d802,NOT_FOUND,FAIL,No build system detected,-
655,6214cbe8,NOT_FOUND,FAIL,No build system detected,-
656,f0ed7938,NOT_FOUND,FAIL,No build system detected,-
657,ca4c1680,NOT_FOUND,FAIL,No build system detected,-
658,ff60d33d,NOT_FOUND,FAIL,No build system detected,-
659,d047dc97,NOT_FOUND,FAIL,No build system detected,-
660,a593ff34,NOT_FOUND,FAIL,No build system detected,-
661,033c1eba,NOT_FOUND,FAIL,No build system detected,-
662,328f06da,NOT_FOUND,FAIL,No build system detected,-
663,49c5cb84,NOT_FOUND,FAIL,No build system detected,-
664,4125faec,NOT_FOUND,FAIL,No build system detected,-
665,4fe2f303,NOT_FOUND,FAIL,No build system detected,-
666,e6a86309,NOT_FOUND,FAIL,No build system detected,-
667,e74975b9,NOT_FOUND,FAIL,No build system detected,-
668,24a3e1b6,NOT_FOUND,FAIL,No build system detected,-
669,b08c34c9,NOT_FOUND,FAIL,No build system detected,-
670,45b32edd,NOT_FOUND,FAIL,No build system detected,-
671,57c19203,NOT_FOUND,FAIL,No build system detected,-
672,fdaeac61,NOT_FOUND,FAIL,No build system detected,-
673,d596d32f,NOT_FOUND,FAIL,No build system detected,-
674,ed6d00da,NOT_FOUND,FAIL,No build system detected,-
675,3184b54f,NOT_FOUND,FAIL,No build system detected,-
676,02bf1625,NOT_FOUND,FAIL,No build system detected,-
677,08dded0c,NOT_FOUND,FAIL,No build system detected,-
678,a5d8a7a9,NOT_FOUND,FAIL,No build system detected,-
679,d11d3ed7,NOT_FOUND,FAIL,No build system detected,-
680,09b2aee6,NOT_FOUND,FAIL,No build system detected,-
681,4ff190b1,NOT_FOUND,FAIL,No build system detected,-
682,d3515238,NOT_FOUND,FAIL,No build system detected,-
683,d4e8403d,NOT_FOUND,FAIL,No build system detected,-
684,8b663594,NOT_FOUND,FAIL,No build system detected,-
685,3b1a3625,NOT_FOUND,FAIL,No build system detected,-
686,68798d37,NOT_FOUND,FAIL,No build system detected,-
687,68ac4810,NOT_FOUND,FAIL,No build system detected,-
688,74a98693,NOT_FOUND,FAIL,No build system detected,-
689,9ed13c7a,NOT_FOUND,FAIL,No build system detected,-
690,08010c0b,NOT_FOUND,FAIL,No build system detected,-
691,30d0d736,NOT_FOUND,FAIL,No build system detected,-
692,823f74d6,NOT_FOUND,FAIL,No build system detected,-
693,10317c9a,NOT_FOUND,FAIL,No build system detected,-
694,3f3f3bf0,NOT_FOUND,FAIL,No build system detected,-
695,0ebe0d9c,NOT_FOUND,FAIL,No build system detected,-
696,b4cb7727,NOT_FOUND,FAIL,No build system detected,-
697,c0c95548,NOT_FOUND,FAIL,No build system detected,-
698,61315a3c,NOT_FOUND,FAIL,No build system detected,-
699,82fb9834,NOT_FOUND,FAIL,No build system detected,-
700,fd3a9cbd,NOT_FOUND,FAIL,No build system detected,-
701,0f311998,NOT_FOUND,FAIL,No build system detected,-
702,d052734a,NOT_FOUND,FAIL,No build system detected,-
703,d92534d4,NOT_FOUND,FAIL,No build system detected,-
704,910da346,NOT_FOUND,FAIL,No build system detected,-
705,430e3bfe,NOT_FOUND,FAIL,No build system detected,-
706,5b272d73,NOT_FOUND,FAIL,No build system detected,-
707,57df2b04,NOT_FOUND,FAIL,No build system detected,-
708,9f6f9f19,NOT_FOUND,FAIL,No build system detected,-
709,1807fd5b,NOT_FOUND,FAIL,No build system detected,-
710,aa5d6ab5,NOT_FOUND,FAIL,No build system detected,-
711,8ca08ea4,NOT_FOUND,FAIL,No build system detected,-
712,b89fa367,NOT_FOUND,FAIL,No build system detected,-
713,fc99dfa1,NOT_FOUND,FAIL,No build system detected,-
714,badf9858,NOT_FOUND,FAIL,No build system detected,-
715,e61d06bf,NOT_FOUND,FAIL,No build system detected,-
716,51e100fc,NOT_FOUND,FAIL,No build system detected,-
717,1261ee8f,NOT_FOUND,FAIL,No build system detected,-
718,7cdf9257,NOT_FOUND,FAIL,No build system detected,-
719,fa4e4409,NOT_FOUND,FAIL,No build system detected,-
720,e1b17f5e,NOT_FOUND,FAIL,No build system detected,-
721,8d467b4c,NOT_FOUND,FAIL,No build system detected,-
722,318bca44,NOT_FOUND,FAIL,No build system detected,-
723,4b868f0e,NOT_FOUND,FAIL,No build system detected,-
724,61b66b73,NOT_FOUND,FAIL,No build system detected,-
725,6b1c8625,NOT_FOUND,FAIL,No build system detected,-
726,bef1fddc,NOT_FOUND,FAIL,No build system detected,-
727,1b4a3064,NOT_FOUND,FAIL,No build system detected,-
728,79d1fec0,NOT_FOUND,FAIL,No build system detected,-
729,d2e00537,NOT_FOUND,FAIL,No build system detected,-
730,6942fa49,NOT_FOUND,FAIL,No build system detected,-
731,4eda5d24,NOT_FOUND,FAIL,No build system detected,-
732,1f767dbf,NOT_FOUND,FAIL,No build system detected,-
733,52eaf2db,NOT_FOUND,FAIL,No build system detected,-
734,a98ff088,NOT_FOUND,FAIL,No build system detected,-
735,b6d428e6,NOT_FOUND,FAIL,No build system detected,-
736,4baa4d7c,NOT_FOUND,FAIL,No build system detected,-
737,0f4679b1,NOT_FOUND,FAIL,No build system detected,-
738,6c6def75,NOT_FOUND,FAIL,No build system detected,-
739,fd34f1cf,NOT_FOUND,FAIL,No build system detected,-
740,6fc76084,NOT_FOUND,FAIL,No build system detected,-
741,374dfda7,NOT_FOUND,FAIL,No build system detected,-
742,7ebe979a,NOT_FOUND,FAIL,No build system detected,-
743,b05ba23e,NOT_FOUND,FAIL,No build system detected,-
744,5d9a414c,NOT_FOUND,FAIL,No build system detected,-
745,b35c6bf2,NOT_FOUND,FAIL,No build system detected,-
746,2f1ee5bc,NOT_FOUND,FAIL,No build system detected,-
747,f2f4b4f0,NOT_FOUND,FAIL,No build system detected,-
748,0a5e236e,NOT_FOUND,FAIL,No build system detected,-
749,1eb5e159,NOT_FOUND,FAIL,No build system detected,-
750,52be29a7,NOT_FOUND,FAIL,No build system detected,-
751,a13527b0,NOT_FOUND,FAIL,No build system detected,-
752,97491510,NOT_FOUND,FAIL,No build system detected,-
753,0d106c6c,NOT_FOUND,FAIL,No build system detected,-
754,8a5f6e20,NOT_FOUND,FAIL,No build system detected,-
755,f0264b38,NOT_FOUND,FAIL,No build system detected,-
756,c13ca635,NOT_FOUND,FAIL,No build system detected,-
757,bb8fe692,NOT_FOUND,FAIL,No build system detected,-
758,1c82cde7,NOT_FOUND,FAIL,No build system detected,-
759,6badccfa,NOT_FOUND,FAIL,No build system detected,-
760,317b2d39,NOT_FOUND,FAIL,No build system detected,-
761,b2c3144f,NOT_FOUND,FAIL,No build system detected,-
762,ca19cc14,NOT_FOUND,FAIL,No build system detected,-
763,258908e0,NOT_FOUND,FAIL,No build system detected,-
764,2d49b8ed,NOT_FOUND,FAIL,No build system detected,-
765,08d89d2f,NOT_FOUND,FAIL,No build system detected,-
766,0e13fb37,NOT_FOUND,FAIL,No build system detected,-
767,82ec0f12,NOT_FOUND,FAIL,No build system detected,-
768,9a2ea60c,NOT_FOUND,FAIL,No build system detected,-
769,bc2c719c,NOT_FOUND,FAIL,No build system detected,-
770,1022c45b,NOT_FOUND,FAIL,No build system detected,-
771,221c4e01,NOT_FOUND,FAIL,No build system detected,-
772,e43909e3,NOT_FOUND,FAIL,No build system detected,-
773,d994876e,NOT_FOUND,FAIL,No build system detected,-
774,7fe8d8ca,NOT_FOUND,FAIL,No build system detected,-
775,6005fc76,NOT_FOUND,FAIL,No build system detected,-
776,c27a03db,NOT_FOUND,FAIL,No build system detected,-
777,9746fcd7,NOT_FOUND,FAIL,No build system detected,-
778,4600756f,NOT_FOUND,FAIL,No build system detected,-
779,8f609d47,NOT_FOUND,FAIL,No build system detected,-
780,d282d1c8,NOT_FOUND,FAIL,No build system detected,-
781,cff1aaff,NOT_FOUND,FAIL,No build system detected,-
782,5a4336f7,NOT_FOUND,FAIL,No build system detected,-
783,5f253098,NOT_FOUND,FAIL,No build system detected,-
784,1ccca18f,NOT_FOUND,FAIL,No build system detected,-
785,80ba85d4,NOT_FOUND,FAIL,No build system detected,-
786,f3ffd71b,NOT_FOUND,FAIL,No build system detected,-
787,98a88211,NOT_FOUND,FAIL,No build system detected,-
788,7edfdd69,NOT_FOUND,FAIL,No build system detected,-
789,e562e254,NOT_FOUND,FAIL,No build system detected,-
790,9341844d,NOT_FOUND,FAIL,No build system detected,-
791,a314431e,NOT_FOUND,FAIL,No build system detected,-
792,3ca44be9,NOT_FOUND,FAIL,No build system detected,-
793,a3bff217,NOT_FOUND,FAIL,No build system detected,-
794,77640644,NOT_FOUND,FAIL,No build system detected,-
795,07498f17,NOT_FOUND,FAIL,No build system detected,-
796,6318ffb0,NOT_FOUND,FAIL,No build system detected,-
797,9b68a9e5,NOT_FOUND,FAIL,No build system detected,-
798,9decd4e4,NOT_FOUND,FAIL,No build system detected,-
799,aab990f6,NOT_FOUND,FAIL,No build system detected,-
800,85c82550,NOT_FOUND,FAIL,No build system detected,-
801,f5b1d2bb,NOT_FOUND,FAIL,No build system detected,-
802,d34b5dfa,NOT_FOUND,FAIL,No build system detected,-
803,4daf6871,NOT_FOUND,FAIL,No build system detected,-
804,4c829364,NOT_FOUND,FAIL,No build system detected,-
805,b388ae44,NOT_FOUND,FAIL,No build system detected,-
806,6960e4af,NOT_FOUND,FAIL,No build system detected,-
807,d29c8c93,NOT_FOUND,FAIL,No build system detected,-
808,1d1ac6cb,NOT_FOUND,FAIL,No build system detected,-
809,b185e945,NOT_FOUND,FAIL,No build system detected,-
810,c9450417,NOT_FOUND,FAIL,No build system detected,-
811,144ec3bc,NOT_FOUND,FAIL,No build system detected,-
812,2f83c76f,NOT_FOUND,FAIL,No build system detected,-
813,73f2c383,NOT_FOUND,FAIL,No build system detected,-
814,05691019,NOT_FOUND,FAIL,No build system detected,-
815,f07ad548,NOT_FOUND,FAIL,No build system detected,-
816,d06af9c7,NOT_FOUND,FAIL,No build system detected,-
817,3908cd12,NOT_FOUND,FAIL,No build system detected,-
818,dccfeebe,NOT_FOUND,FAIL,No build system detected,-
819,7ad2c0bc,NOT_FOUND,FAIL,No build system detected,-
820,5aafeaea,NOT_FOUND,FAIL,No build system detected,-
821,08598478,NOT_FOUND,FAIL,No build system detected,-
822,078e6f1b,NOT_FOUND,FAIL,No build system detected,-
823,174f1eb9,NOT_FOUND,FAIL,No build system detected,-
824,48af30ed,NOT_FOUND,FAIL,No build system detected,-
825,ce67a84e,NOT_FOUND,FAIL,No build system detected,-
826,d03b7d51,NOT_FOUND,FAIL,No build system detected,-
827,0cfc35c0,NOT_FOUND,FAIL,No build system detected,-
828,91047e2c,NOT_FOUND,FAIL,No build system detected,-
829,442504e6,NOT_FOUND,FAIL,No build system detected,-
830,585f4524,NOT_FOUND,FAIL,No build system detected,-
831,05590f7f,NOT_FOUND,FAIL,No build system detected,-
832,e31644e2,NOT_FOUND,FAIL,No build system detected,-
833,24e56b20,NOT_FOUND,FAIL,No build system detected,-
834,2fc72cd7,NOT_FOUND,FAIL,No build system detected,-
835,2dd37295,NOT_FOUND,FAIL,No build system detected,-
836,9ccab8b3,NOT_FOUND,FAIL,No build system detected,-
837,34786b02,NOT_FOUND,FAIL,No build system detected,-
838,2c31801e,NOT_FOUND,FAIL,No build system detected,-
839,353c7e6a,NOT_FOUND,FAIL,No build system detected,-
840,f0ef8b2d,NOT_FOUND,FAIL,No build system detected,-
841,f9a7f266,NOT_FOUND,FAIL,No build system detected,-
842,d7316a90,NOT_FOUND,FAIL,No build system detected,-
843,84498f22,NOT_FOUND,FAIL,No build system detected,-
844,9c5d0ad5,NOT_FOUND,FAIL,No build system detected,-
845,a4bf3623,NOT_FOUND,FAIL,No build system detected,-
846,35bd3ad4,NOT_FOUND,FAIL,No build system detected,-
847,38a0a1a9,NOT_FOUND,FAIL,No build system detected,-
848,2d83fdff,NOT_FOUND,FAIL,No build system detected,-
849,65e1f75e,NOT_FOUND,FAIL,No build system detected,-
850,b997b896,NOT_FOUND,FAIL,No build system detected,-
851,146e0c76,NOT_FOUND,FAIL,No build system detected,-
852,900b866f,NOT_FOUND,FAIL,No build system detected,-
853,ecec965f,NOT_FOUND,FAIL,No build system detected,-
854,7b53b7e5,NOT_FOUND,FAIL,No build system detected,-
855,68db771b,NOT_FOUND,FAIL,No build system detected,-
856,7d18ca1e,NOT_FOUND,FAIL,No build system detected,-
857,66fb6056,NOT_FOUND,FAIL,No build system detected,-
858,e3f944a6,NOT_FOUND,FAIL,No build system detected,-
859,69aebb63,NOT_FOUND,FAIL,No build system detected,-
860,beb323bb,NOT_FOUND,FAIL,No build system detected,-
861,985e7ec7,NOT_FOUND,FAIL,No build system detected,-
862,701aa504,NOT_FOUND,FAIL,No build system detected,-
863,6df98552,NOT_FOUND,FAIL,No build system detected,-
864,ee5280f2,NOT_FOUND,FAIL,No build system detected,-
865,91f6b3ba,NOT_FOUND,FAIL,No build system detected,-
866,8c8fa2c7,NOT_FOUND,FAIL,No build system detected,-
867,9c97ac41,NOT_FOUND,FAIL,No build system detected,-
868,ee782464,NOT_FOUND,FAIL,No build system detected,-
869,4bf496ee,NOT_FOUND,FAIL,No build system detected,-
870,35a0af49,NOT_FOUND,FAIL,No build system detected,-
871,7a3b4dfd,NOT_FOUND,FAIL,No build system detected,-
872,5d5807a0,NOT_FOUND,FAIL,No build system detected,-
873,9b72c27a,NOT_FOUND,FAIL,No build system detected,-
874,208b885d,NOT_FOUND,FAIL,No build system detected,-
875,da6b98cc,NOT_FOUND,FAIL,No build system detected,-
876,018554b7,NOT_FOUND,FAIL,No build system detected,-
877,b5104361,NOT_FOUND,FAIL,No build system detected,-
878,9243ed1b,NOT_FOUND,FAIL,No build system detected,-
879,fbb28774,NOT_FOUND,FAIL,No build system detected,-
880,10443cf1,NOT_FOUND,FAIL,No build system detected,-
881,0276dbf5,NOT_FOUND,FAIL,No build system detected,-
882,9cba7456,NOT_FOUND,FAIL,No build system detected,-
883,72d0fb97,NOT_FOUND,FAIL,No build system detected,-
884,830d94f6,NOT_FOUND,FAIL,No build system detected,-
885,8b1c0957,NOT_FOUND,FAIL,No build system detected,-
886,fa574579,NOT_FOUND,FAIL,No build system detected,-
887,532846e0,NOT_FOUND,FAIL,No build system detected,-
888,c342041a,NOT_FOUND,FAIL,No build system detected,-
889,09b292b4,NOT_FOUND,FAIL,No build system detected,-
890,8ae2ec4c,NOT_FOUND,FAIL,No build system detected,-
891,0f9b7928,NOT_FOUND,FAIL,No build system detected,-
892,f06085b6,NOT_FOUND,FAIL,No build system detected,-
893,6bbeaac8,NOT_FOUND,FAIL,No build system detected,-
894,b5e074b7,NOT_FOUND,FAIL,No build system detected,-
895,38bca159,NOT_FOUND,FAIL,No build system detected,-
896,c3385c6b,NOT_FOUND,FAIL,No build system detected,-
897,47c82725,NOT_FOUND,FAIL,No build system detected,-
898,1fa782b7,NOT_FOUND,FAIL,No build system detected,-
899,d80903e3,NOT_FOUND,FAIL,No build system detected,-
900,256435b8,NOT_FOUND,FAIL,No build system detected,-
901,2068db41,NOT_FOUND,FAIL,No build system detected,-
902,ccbb81e2,NOT_FOUND,FAIL,No build system detected,-
903,4bdbda64,NOT_FOUND,FAIL,No build system detected,-
904,b5a00971,NOT_FOUND,FAIL,No build system detected,-
905,e90514d6,NOT_FOUND,FAIL,No build system detected,-
906,87409a4e,NOT_FOUND,FAIL,No build system detected,-
907,145241c9,NOT_FOUND,FAIL,No build system detected,-
908,32edb134,NOT_FOUND,FAIL,No build system detected,-
909,5d73d59d,NOT_FOUND,FAIL,No build system detected,-
910,de0ede18,NOT_FOUND,FAIL,No build system detected,-
911,2e23eeb1,NOT_FOUND,FAIL,No build system detected,-
912,cf0716fd,NOT_FOUND,FAIL,No build system detected,-
913,09cc1e03,NOT_FOUND,FAIL,No build system detected,-
914,7958de03,NOT_FOUND,FAIL,No build system detected,-
915,9718508b,NOT_FOUND,FAIL,No build system detected,-
916,400e6c01,NOT_FOUND,FAIL,No build system detected,-
917,97b7bb51,NOT_FOUND,FAIL,No build system detected,-
918,ac4abd34,NOT_FOUND,FAIL,No build system detected,-
919,e7bd2117,NOT_FOUND,FAIL,No build system detected,-
920,dd39b345,NOT_FOUND,FAIL,No build system detected,-
921,5a458f83,NOT_FOUND,FAIL,No build system detected,-
922,68387f57,NOT_FOUND,FAIL,No build system detected,-
923,f310fa83,NOT_FOUND,FAIL,No build system detected,-
924,41331fbc,NOT_FOUND,FAIL,No build system detected,-
925,ca4278e4,NOT_FOUND,FAIL,No build system detected,-
926,d4785ba2,NOT_FOUND,FAIL,No build system detected,-
927,ab927c2c,NOT_FOUND,FAIL,No build system detected,-
928,812e0bdf,NOT_FOUND,FAIL,No build system detected,-
929,e1f138d6,NOT_FOUND,FAIL,No build system detected,-
930,4a7fabac,NOT_FOUND,FAIL,No build system detected,-
931,93d103bd,NOT_FOUND,FAIL,No build system detected,-
932,7ff448b4,NOT_FOUND,FAIL,No build system detected,-
933,39b8c109,NOT_FOUND,FAIL,No build system detected,-
934,6244bc55,NOT_FOUND,FAIL,No build system detected,-
935,9b746583,NOT_FOUND,FAIL,No build system detected,-
936,1b271401,NOT_FOUND,FAIL,No build system detected,-
937,d808c041,NOT_FOUND,FAIL,No build system detected,-
938,e8612947,NOT_FOUND,FAIL,No build system detected,-
939,0b4bd60d,NOT_FOUND,FAIL,No build system detected,-
940,d09fb68a,NOT_FOUND,FAIL,No build system detected,-
941,f471a5ef,NOT_FOUND,FAIL,No build system detected,-
942,68143f65,NOT_FOUND,FAIL,No build system detected,-
943,2584d95d,NOT_FOUND,FAIL,No build system detected,-
944,8ce5829c,NOT_FOUND,FAIL,No build system detected,-
945,7d886e0d,NOT_FOUND,FAIL,No build system detected,-
946,9469daa9,NOT_FOUND,FAIL,No build system detected,-
947,488e7f72,NOT_FOUND,FAIL,No build system detected,-
948,8bb3640a,NOT_FOUND,FAIL,No build system detected,-
949,5ebd356c,NOT_FOUND,FAIL,No build system detected,-
950,34260240,NOT_FOUND,FAIL,No build system detected,-
951,079634f1,NOT_FOUND,FAIL,No build system detected,-
952,7cb0aad2,NOT_FOUND,FAIL,No build system detected,-
953,1e009dc1,NOT_FOUND,FAIL,No build system detected,-
954,66693883,NOT_FOUND,FAIL,No build system detected,-
955,6ba5c0d4,NOT_FOUND,FAIL,No build system detected,-
956,9c1cdba6,NOT_FOUND,FAIL,No build system detected,-
957,89f58ad4,NOT_FOUND,FAIL,No build system detected,-
958,eb8809eb,NOT_FOUND,FAIL,No build system detected,-
959,807e723f,NOT_FOUND,FAIL,No build system detected,-
960,0ef96600,NOT_FOUND,FAIL,No build system detected,-
961,eb151937,NOT_FOUND,FAIL,No build system detected,-
962,3c531185,NOT_FOUND,FAIL,No build system detected,-
963,0fc77b17,NOT_FOUND,FAIL,No build system detected,-
964,4d32bd4b,NOT_FOUND,FAIL,No build system detected,-
965,4177388e,NOT_FOUND,FAIL,No build system detected,-
966,faaf1470,NOT_FOUND,FAIL,No build system detected,-
967,43393dda,NOT_FOUND,FAIL,No build system detected,-
968,35704ec1,NOT_FOUND,FAIL,No build system detected,-
969,e83a2f00,NOT_FOUND,FAIL,No build system detected,-
970,d5cd0bc7,NOT_FOUND,FAIL,No build system detected,-
971,389efd32,NOT_FOUND,FAIL,No build system detected,-
972,6fe4a863,NOT_FOUND,FAIL,No build system detected,-
973,7cc8de5b,NOT_FOUND,FAIL,No build system detected,-
974,cebe34dc,NOT_FOUND,FAIL,No build system detected,-
975,de5b90b3,NOT_FOUND,FAIL,No build system detected,-
976,29ea0bfc,NOT_FOUND,FAIL,No build system detected,-
977,5fadef24,NOT_FOUND,FAIL,No build system detected,-
978,5c6aab69,NOT_FOUND,FAIL,No build system detected,-
979,3466700c,NOT_FOUND,FAIL,No build system detected,-
980,494e8d22,NOT_FOUND,FAIL,No build system detected,-
981,adcedaea,NOT_FOUND,FAIL,No build system detected,-
982,5c941686,NOT_FOUND,FAIL,No build system detected,-
983,75418388,NOT_FOUND,FAIL,No build system detected,-
984,030ccd58,NOT_FOUND,FAIL,No build system detected,-
985,8173d325,NOT_FOUND,FAIL,No build system detected,-
986,d3374789,NOT_FOUND,FAIL,No build system detected,-
987,e2db0957,NOT_FOUND,FAIL,No build system detected,-
988,d629e382,NOT_FOUND,FAIL,No build system detected,-
989,88cdbfd9,NOT_FOUND,FAIL,No build system detected,-
990,2a150997,NOT_FOUND,FAIL,No build system detected,-
991,3351bdd4,NOT_FOUND,FAIL,No build system detected,-
992,ce8e3fc1,NOT_FOUND,FAIL,No build system detected,-
993,f36d9b24,NOT_FOUND,FAIL,No build system detected,-
994,31563e2b,NOT_FOUND,FAIL,No build system detected,-
995,53f75554,NOT_FOUND,FAIL,No build system detected,-
996,550f970d,NOT_FOUND,FAIL,No build system detected,-
997,505370d9,NOT_FOUND,FAIL,No build system detected,-
998,daed9c00,NOT_FOUND,FAIL,No build system detected,-
999,44d26d84,NOT_FOUND,FAIL,No build system detected,-
1000,905db539,NOT_FOUND,FAIL,No build system detected,-
1001,2d731c2b,NOT_FOUND,FAIL,No build system detected,-
1002,dd2f1ce0,NOT_FOUND,FAIL,No build system detected,-
1003,c16ae7b8,NOT_FOUND,FAIL,No build system detected,-
1004,0e6f5f29,NOT_FOUND,FAIL,No build system detected,-
1005,3145d5e6,NOT_FOUND,FAIL,No build system detected,-
1006,046c7131,NOT_FOUND,FAIL,No build system detected,-
1007,119b3a87,NOT_FOUND,FAIL,No build system detected,-
1008,6933a6c2,NOT_FOUND,FAIL,No build system detected,-
1009,69395a28,NOT_FOUND,FAIL,No build system detected,-
1010,bea966e7,NOT_FOUND,FAIL,No build system detected,-
1011,9c656161,NOT_FOUND,FAIL,No build system detected,-
1012,d7107457,NOT_FOUND,FAIL,No build system detected,-
1013,88dab86f,NOT_FOUND,FAIL,No build system detected,-
1014,4bb8680e,NOT_FOUND,FAIL,No build system detected,-
1015,8619f7e9,NOT_FOUND,FAIL,No build system detected,-
1016,37871b83,NOT_FOUND,FAIL,No build system detected,-
1017,d2875a3e,NOT_FOUND,FAIL,No build system detected,-
1018,ff1909e4,NOT_FOUND,FAIL,No build system detected,-
1019,899f72e7,NOT_FOUND,FAIL,No build system detected,-
1020,271660f0,NOT_FOUND,FAIL,No build system detected,-
1021,7b0aefd1,NOT_FOUND,FAIL,No build system detected,-
1022,2b2745d1,NOT_FOUND,FAIL,No build system detected,-
1023,160fdf65,NOT_FOUND,FAIL,No build system detected,-
1024,acffd70e,NOT_FOUND,FAIL,No build system detected,-
1025,bc01c484,NOT_FOUND,FAIL,No build system detected,-
1026,842eb20d,NOT_FOUND,FAIL,No build system detected,-
1027,210550d0,NOT_FOUND,FAIL,No build system detected,-
1028,ec20fbb8,NOT_FOUND,FAIL,No build system detected,-
1029,a62b5dcc,NOT_FOUND,FAIL,No build system detected,-
1030,735fb55f,NOT_FOUND,FAIL,No build system detected,-
1031,03eeb9d7,NOT_FOUND,FAIL,No build system detected,-
1032,62d80d7e,NOT_FOUND,FAIL,No build system detected,-
1033,2ee155e2,NOT_FOUND,FAIL,No build system detected,-
1034,3d9338ad,NOT_FOUND,FAIL,No build system detected,-
1035,134bd82c,NOT_FOUND,FAIL,No build system detected,-
1036,4bb6db3f,NOT_FOUND,FAIL,No build system detected,-
1037,414ef38e,NOT_FOUND,FAIL,No build system detected,-
1038,f3038633,NOT_FOUND,FAIL,No build system detected,-
1039,ebefd689,NOT_FOUND,FAIL,No build system detected,-
1040,4a7b5617,NOT_FOUND,FAIL,No build system detected,-
1041,fac20ca6,NOT_FOUND,FAIL,No build system detected,-
1042,447cadce,NOT_FOUND,FAIL,No build system detected,-
1043,7989d880,NOT_FOUND,FAIL,No build system detected,-
1044,f2cfec77,NOT_FOUND,FAIL,No build system detected,-
1045,4076c809,NOT_FOUND,FAIL,No build system detected,-
1046,a0d146db,NOT_FOUND,FAIL,No build system detected,-
1047,62bc2b51,NOT_FOUND,FAIL,No build system detected,-
1048,45c8d66e,NOT_FOUND,FAIL,No build system detected,-
1049,43843570,NOT_FOUND,FAIL,No build system detected,-
1050,4c0a3100,NOT_FOUND,FAIL,No build system detected,-
1051,d890a031,NOT_FOUND,FAIL,No build system detected,-
1052,480d896b,NOT_FOUND,FAIL,No build system detected,-
1053,8a3946ef,NOT_FOUND,FAIL,No build system detected,-
1054,71f73d22,NOT_FOUND,FAIL,No build system detected,-
1055,c6b1c991,NOT_FOUND,FAIL,No build system detected,-
1056,8fe8db53,NOT_FOUND,FAIL,No build system detected,-
1057,dc707e70,NOT_FOUND,FAIL,No build system detected,-
1058,2d53badf,NOT_FOUND,FAIL,No build system detected,-
1059,f5b03c8c,NOT_FOUND,FAIL,No build system detected,-
1060,c41bf907,NOT_FOUND,FAIL,No build system detected,-
1061,76c1bae1,Maven,SUCCESS,,
1062,2523fffc,Maven,SUCCESS,,
1063,0e7bf559,NOT_FOUND,FAIL,No build system detected,-
1064,a96a5d6e,NOT_FOUND,FAIL,No build system detected,-
1065,23576b3b,NOT_FOUND,FAIL,No build system detected,-
1066,eec99fff,NOT_FOUND,FAIL,No build system detected,-
1067,ab416af9,NOT_FOUND,FAIL,No build system detected,-
1068,e036a5cd,NOT_FOUND,FAIL,No build system detected,-
1069,84a25b01,NOT_FOUND,FAIL,No build system detected,-
1070,476c49c1,NOT_FOUND,FAIL,No build system detected,-
1071,76b14df1,Maven,FAIL,MojoFailureException,Other
1072,d3df0e6b,Maven,FAIL,MojoFailureException,Other
1073,b91d61ce,Maven,SUCCESS,,
1074,ac1ddb9e,NOT_FOUND,FAIL,No build system detected,-
1075,efc67c49,Maven,SUCCESS,,
1076,c9077d10,NOT_FOUND,FAIL,No build system detected,-
1077,aa2561f5,NOT_FOUND,FAIL,No build system detected,-
1078,83824b55,NOT_FOUND,FAIL,No build system detected,-
1079,09c6d114,NOT_FOUND,FAIL,No build system detected,-
1080,4625bdd8,NOT_FOUND,FAIL,No build system detected,-
1081,85ec99e4,NOT_FOUND,FAIL,No build system detected,-
1082,fa61f750,NOT_FOUND,FAIL,No build system detected,-
1083,9b27e4ca,NOT_FOUND,FAIL,No build system detected,-
1084,850f1e7c,NOT_FOUND,FAIL,No build system detected,-
1085,6bbf905b,NOT_FOUND,FAIL,No build system detected,-
1086,d9ad1237,Maven,SUCCESS,,
1087,d17f265b,Maven,SUCCESS,,
1088,77546fce,Maven,SUCCESS,,
1089,174d02f6,Maven,FAIL,MojoFailureException,Other
1090,74c112ff,Maven,SUCCESS,,
1091,0614ccd5,Maven,SUCCESS,,
1092,aff4a138,Maven,SUCCESS,,
1093,f02c8135,Maven,SUCCESS,,
1094,173b8e51,Maven,SUCCESS,,
1095,743e662e,Maven,SUCCESS,,
1096,0e01ea48,Maven,SUCCESS,,
1097,b9b0067f,Maven,SUCCESS,,
1098,f4c94e5f,Maven,SUCCESS,,
1099,93215116,Maven,SUCCESS,,
1100,2358bb80,Maven,SUCCESS,,
1101,ab09fe01,Maven,FAIL,MojoFailureException,Other
1102,5ab5bd24,Maven,FAIL,MojoFailureException,Other
1103,64cd2251,Maven,FAIL,MojoFailureException,Other
1104,eb1d70fc,Maven,FAIL,MojoFailureException,Other
1105,47c7c3fd,Maven,FAIL,MojoFailureException,Other
1106,2c367f2a,Maven,SUCCESS,,
1107,02b43dfd,Maven,SUCCESS,,
1108,256283e0,Maven,FAIL,MojoFailureException,Other
1109,ce20e4af,Maven,SUCCESS,,
1110,33c7094e,Maven,SUCCESS,,
1111,252ef3af,Maven,SUCCESS,,
1112,fa70be8c,Maven,SUCCESS,,
1113,a86c21ef,Maven,SUCCESS,,
1114,17bdac7e,Maven,SUCCESS,,
1115,a711b1c0,Maven,SUCCESS,,
1116,8ac7876b,Maven,SUCCESS,,
1117,e5469283,Maven,SUCCESS,,
1118,8ea86f43,Maven,SUCCESS,,
1119,4b7fa4d9,Maven,SUCCESS,,
1120,9d1a033b,Maven,SUCCESS,,
1121,87ed64d6,Maven,SUCCESS,,
1122,13c946c3,Maven,SUCCESS,,
1123,d632e473,Maven,SUCCESS,,
1124,d929d11d,Maven,SUCCESS,,
1125,4372537d,Maven,SUCCESS,,
1126,5509ff16,Maven,SUCCESS,,
1127,41a1dc0f,Maven,SUCCESS,,
1128,5c2f35d0,NOT_FOUND,FAIL,No build system detected,-
1129,d56876af,NOT_FOUND,FAIL,No build system detected,-
1130,f07f01d6,NOT_FOUND,FAIL,No build system detected,-
1131,2ab7de74,NOT_FOUND,FAIL,No build system detected,-
1132,d2bce3c5,Maven,SUCCESS,,
1133,7185e833,NOT_FOUND,FAIL,No build system detected,-
1134,70518a52,NOT_FOUND,FAIL,No build system detected,-
1135,ca0e8018,NOT_FOUND,FAIL,No build system detected,-
1136,92edab99,NOT_FOUND,FAIL,No build system detected,-
1137,2bb2b9bd,NOT_FOUND,FAIL,No build system detected,-
1138,38241d4f,Maven,FAIL,MojoFailureException,Other
1139,71d6a7cf,Maven,FAIL,MojoFailureException,Other
1140,f42a77e9,Maven,SUCCESS,,
1141,160e56ff,Maven,SUCCESS,,
1142,9680057e,Maven,SUCCESS,,
1143,87de0342,Maven,FAIL,MojoFailureException,Other
1144,ad37c67b,NOT_FOUND,FAIL,No build system detected,-
1145,2ff5a6c9,Maven,FAIL,MojoFailureException,Other
1146,75ae3357,Maven,SUCCESS,,
1147,023710e2,Maven,SUCCESS,,
1148,da6b82ee,Maven,FAIL,MojoFailureException,Other
1149,b7ae4182,Maven,FAIL,MojoFailureException,Other
1150,ae77e325,Maven,SUCCESS,,
1151,91a4df00,Maven,SUCCESS,,
1152,2b4836df,Maven,FAIL,MojoFailureException,Other
1153,847e592e,Maven,SUCCESS,,
1154,34787b12,Maven,SUCCESS,,
1155,6639361e,Maven,SUCCESS,,
1156,0d7c1189,Maven,FAIL,MojoFailureException,Other
1157,6af6d4a5,Maven,FAIL,MojoFailureException,Other
1158,f2a96aa0,Maven,SUCCESS,,
1159,73a1a349,Maven,SUCCESS,,
1160,9de91be4,Maven,SUCCESS,,
1161,05dcf452,NOT_FOUND,FAIL,No build system detected,-
1162,50b66a0c,Maven,SUCCESS,,
1163,ade60a69,Maven,SUCCESS,,
1164,37efb0d4,Maven,SUCCESS,,
1165,c7de3663,Maven,SUCCESS,,
1166,4a313518,Maven,SUCCESS,,
1167,6687003b,Maven,SUCCESS,,
1168,119caf80,Maven,SUCCESS,,
1169,ea7a283e,Maven,FAIL,MojoFailureException,Other
1170,6fffa71f,Maven,SUCCESS,,
1171,9dcbce64,Maven,SUCCESS,,
1172,147457ef,Maven,SUCCESS,,
1173,f0a82ffc,Maven,SUCCESS,,
1174,d8cedabb,Maven,SUCCESS,,
1175,5c73058d,Maven,SUCCESS,,
1176,c3065baa,Maven,FAIL,MojoFailureException,Other
1177,2a673333,Maven,FAIL,MojoFailureException,Other
1178,dbc12e04,Maven,FAIL,MojoFailureException,Other
1179,997860f8,Maven,SUCCESS,,
1180,19a72a30,Maven,SUCCESS,,
1181,6a7f1482,Maven,SUCCESS,,
1182,a5bbb9ed,Maven,SUCCESS,,
1183,bd7e5bfc,Maven,SUCCESS,,
1184,0d1eb3dd,Maven,SUCCESS,,
1185,e53c09ac,Maven,SUCCESS,,
1186,3297e37d,Maven,SUCCESS,,
1187,f8b5c55c,Maven,SUCCESS,,
1188,dad079bb,Maven,SUCCESS,,
1189,edd697bd,Maven,SUCCESS,,
1190,0682b843,Maven,SUCCESS,,
1191,a606a254,Maven,SUCCESS,,
1192,dd368bf7,Maven,SUCCESS,,
1193,9324d8b5,Maven,SUCCESS,,
1194,ee27698a,Maven,SUCCESS,,
1195,95c10c57,Maven,SUCCESS,,
1196,a15389c7,Maven,SUCCESS,,
1197,cb0f063a,Maven,SUCCESS,,
1198,493e8f4c,Maven,SUCCESS,,
1199,536faa9b,Maven,SUCCESS,,
1200,f5d6102c,Maven,SUCCESS,,
1201,893f6ee3,Maven,SUCCESS,,
1202,07587335,Maven,SUCCESS,,
1203,e3ee17df,Maven,SUCCESS,,
1204,9da0883e,Maven,SUCCESS,,
1205,5d5f693c,Maven,SUCCESS,,
1206,dba2242f,Maven,SUCCESS,,
1207,222e48b0,Maven,SUCCESS,,
1208,31169e66,Maven,SUCCESS,,
1209,37cc6c85,Maven,SUCCESS,,
1210,e6bf2d3b,Maven,SUCCESS,,
1211,57698460,Maven,SUCCESS,,
1212,d1a9e14e,Maven,SUCCESS,,
1213,32f28ebb,Maven,SUCCESS,,
1214,b475d2cf,Maven,SUCCESS,,
1215,db2e6f5b,Maven,SUCCESS,,
1216,4c7a681a,Maven,SUCCESS,,
1217,43a5db64,Maven,FAIL,MojoFailureException,Other
1218,4605d4f3,Maven,SUCCESS,,
1219,1bc73885,Maven,SUCCESS,,
1220,6576fb87,Maven,SUCCESS,,
1221,3bf5b7c3,Maven,SUCCESS,,
1222,05394e06,Maven,SUCCESS,,
1223,dfd8d1ff,Maven,SUCCESS,,
1224,712c8944,Maven,SUCCESS,,
1225,7f4b8de6,Maven,SUCCESS,,
1226,5c250c1c,Maven,SUCCESS,,
1227,ac248d35,Maven,SUCCESS,,
1228,92a59d6d,Maven,SUCCESS,,
1229,9729896d,Maven,SUCCESS,,
1230,462c8036,Maven,SUCCESS,,
1231,06ff29ce,Maven,SUCCESS,,
1232,d7006df5,Maven,SUCCESS,,
1233,05890f1f,Maven,SUCCESS,,
1234,57b9bbca,Maven,SUCCESS,,
1235,877c53ee,Maven,SUCCESS,,
1236,d37d3a1e,Maven,SUCCESS,,
1237,e5096b45,Maven,SUCCESS,,
1238,620ed483,Maven,SUCCESS,,
1239,a4df3034,Maven,SUCCESS,,
1240,1bd84273,Maven,SUCCESS,,
1241,3427e760,Maven,SUCCESS,,
1242,7a0becbd,Maven,SUCCESS,,
1243,7988b095,Maven,SUCCESS,,
1244,c3355f3a,Maven,SUCCESS,,
1245,11d99eb0,Maven,FAIL,MojoFailureException,Other
1246,06641c77,Maven,SUCCESS,,
1247,4a5994d2,Maven,SUCCESS,,
1248,fc62f7d5,Maven,SUCCESS,,
1249,247ce74e,Maven,SUCCESS,,
1250,c768e129,Maven,SUCCESS,,
1251,dfbfe12c,Maven,SUCCESS,,
1252,b4148271,Maven,SUCCESS,,
1253,36a33397,Maven,SUCCESS,,
1254,ce5ff4b9,Maven,SUCCESS,,
1255,ea320bac,Maven,SUCCESS,,
1256,949b8a96,Maven,SUCCESS,,
1257,72154da8,Maven,SUCCESS,,
1258,9aa65729,Maven,SUCCESS,,
1259,b0417eec,Maven,SUCCESS,,
1260,5c958cb3,Maven,SUCCESS,,
1261,2892e2fd,Maven,SUCCESS,,
1262,1b1fa3cf,Maven,SUCCESS,,
1263,c098f449,Maven,SUCCESS,,
1264,3e29c111,Maven,SUCCESS,,
1265,55a0de44,Maven,SUCCESS,,
1266,0d82e99e,Maven,SUCCESS,,
1267,a5ff9cbd,Maven,SUCCESS,,
1268,88669caa,Maven,SUCCESS,,
1269,c363cea5,Maven,SUCCESS,,
1270,51202893,Maven,SUCCESS,,
1271,6cc70dc2,Maven,SUCCESS,,
1272,c50228e7,Maven,SUCCESS,,
1273,8333c337,Maven,SUCCESS,,
1274,d8226374,Maven,SUCCESS,,
1275,71f4281b,Maven,SUCCESS,,
1276,28dda5f1,Maven,SUCCESS,,
1277,d0358dab,Maven,SUCCESS,,
1278,7a0d1abd,Maven,SUCCESS,,
1279,f3f8ff87,Maven,SUCCESS,,
1280,178cb502,Maven,SUCCESS,,
1281,6ec89583,Maven,SUCCESS,,
1282,486677c3,Maven,SUCCESS,,
1283,3c88b425,Maven,SUCCESS,,
1284,8fca7e93,Maven,SUCCESS,,
1285,b00b14cb,Maven,SUCCESS,,
1286,716160e7,Maven,SUCCESS,,
1287,35de531d,Maven,SUCCESS,,
1288,3df11067,Maven,SUCCESS,,
1289,6a0558cb,Maven,SUCCESS,,
1290,a36a2101,Maven,SUCCESS,,
1291,86515e59,Maven,SUCCESS,,
1292,e4838f41,Maven,SUCCESS,,
1293,7f4d9732,Maven,SUCCESS,,
1294,05e1c30c,Maven,SUCCESS,,
1295,3d5f3955,Maven,SUCCESS,,
1296,2412f8a1,Maven,SUCCESS,,
1297,2598b27d,Maven,SUCCESS,,
1298,401143ca,Maven,SUCCESS,,
1299,591f6c41,Maven,SUCCESS,,
1300,7f581ed0,Maven,SUCCESS,,
1301,eccaa35a,Maven,SUCCESS,,
1302,cf18de86,Maven,SUCCESS,,
1303,640102ca,Maven,SUCCESS,,
1304,cda627e8,Maven,SUCCESS,,
1305,fefd3a50,Maven,SUCCESS,,
1306,9b653fab,Maven,SUCCESS,,
1307,ca07ad77,Maven,SUCCESS,,
1308,cadb2936,Maven,SUCCESS,,
1309,8e61c9e2,Maven,SUCCESS,,
1310,27647c8c,Maven,SUCCESS,,
1311,4f85d876,Maven,SUCCESS,,
1312,5ff9fafe,Maven,SUCCESS,,
1313,45848739,Maven,SUCCESS,,
1314,dd8d91d4,Maven,SUCCESS,,
1315,0d175dba,Maven,SUCCESS,,
1316,d3082f83,Maven,SUCCESS,,
1317,0a472523,Maven,SUCCESS,,
1318,a441a51a,Maven,SUCCESS,,
1319,7ecac07c,Maven,SUCCESS,,
1320,8a0b21ed,Maven,SUCCESS,,
1321,f9d23ee2,Maven,SUCCESS,,
1322,5767a3ee,Maven,SUCCESS,,
1323,c2eccec0,Maven,SUCCESS,,
1324,f249fea8,Maven,SUCCESS,,
1325,47c790a0,Maven,SUCCESS,,
1326,a7775d64,Maven,SUCCESS,,
1327,3d6d8ccc,Maven,SUCCESS,,
1328,ba467cb7,Maven,SUCCESS,,
1329,5eec13fd,Maven,SUCCESS,,
1330,4578ddd7,Maven,FAIL,MojoFailureException,Other
1331,ac399c8d,Maven,FAIL,MojoFailureException,Other
1332,9eb75c24,Maven,FAIL,MojoFailureException,Other
1333,f54829b1,Maven,FAIL,MojoFailureException,Other
1334,85a0ba64,Maven,FAIL,MojoFailureException,Other
1335,776c9cd3,Maven,SUCCESS,,
1336,827b9ff8,Maven,SUCCESS,,
1337,696877b8,Maven,SUCCESS,,
1338,3283c4e8,Maven,SUCCESS,,
1339,1fc6f376,Maven,SUCCESS,,
1340,87a8a038,Maven,SUCCESS,,
1341,517f8f5a,Maven,SUCCESS,,
1342,962fb370,Maven,SUCCESS,,
1343,459b0faf,Maven,SUCCESS,,
1344,48736769,Maven,SUCCESS,,
1345,031ae8cf,Maven,SUCCESS,,
1346,c32d9292,Maven,SUCCESS,,
1347,729a1990,Maven,SUCCESS,,
1348,77d2cafd,Maven,FAIL,MojoFailureException,Other
1349,bf6a9cdf,Maven,FAIL,MojoFailureException,Other
1350,11b23e66,Maven,SUCCESS,,
1351,5160f28c,Maven,SUCCESS,,
1352,98300182,Maven,SUCCESS,,
1353,15e33093,Maven,SUCCESS,,
1354,256eb7fe,Maven,SUCCESS,,
1355,efefe95f,Maven,SUCCESS,,
1356,338d2185,Maven,FAIL,MojoFailureException,Other
1357,935ff28a,Maven,FAIL,MojoFailureException,Other
1358,a6cc368f,Maven,FAIL,MojoFailureException,Other
1359,d7750ee7,Maven,SUCCESS,,
1360,fc35442c,Maven,SUCCESS,,
1361,450ed42c,Maven,SUCCESS,,
1362,c5992fc3,Maven,FAIL,MojoFailureException,Other
1363,4e01ff6d,Maven,SUCCESS,,
1364,978ecb4f,Maven,SUCCESS,,
1365,fb191034,Maven,SUCCESS,,
1366,9efde1ff,Maven,SUCCESS,,
1367,f997c544,Maven,SUCCESS,,
