INDEX,COMMIT_ID,IS_MAVEN,OLD_BUILD_SUCCESSFUL,NEW_BUILD_SUCCESSFUL,OLD_EXCEPTION,NEW_EXCEPTION
0,38892420,False,False,False,,['OTHER']
1,ae676d74,False,False,False,,['OTHER']
2,d5a191b7,False,False,False,,['OTHER']
3,efa74ccd,False,False,False,,['OTHER']
4,2f74a625,False,False,False,,['OTHER']
5,549de38f,False,False,False,,['OTHER']
6,589538c8,False,False,False,,['OTHER']
7,9a9e3b90,False,False,False,,['OTHER']
8,acf3d247,False,False,False,,['OTHER']
9,20aa52ed,False,False,False,,['OTHER']
10,fb32d7b8,False,False,False,,['OTHER']
11,9005c34b,False,False,False,,['OTHER']
12,c8f82d28,False,False,False,,['OTHER']
13,3b178a75,False,False,False,,['OTHER']
14,e86735cd,False,False,False,,['OTHER']
15,37cc21b4,False,False,False,,['OTHER']
16,69339aa1,False,False,False,,['OTHER']
17,93956ba3,False,False,False,,['OTHER']
18,466bf0a1,False,False,False,,['OTHER']
19,f8ea5ea9,False,False,False,,['OTHER']
20,41046082,False,False,False,,['OTHER']
21,3d29ed78,False,False,False,,['OTHER']
22,9e15c2ae,False,False,False,,['OTHER']
23,091d517a,False,False,False,,['OTHER']
24,bd4edcee,False,False,False,,['OTHER']
25,3af62a7d,False,False,False,,['OTHER']
26,07a16bfb,False,False,False,,['OTHER']
27,ac00ef59,False,False,False,,['OTHER']
28,89014dde,False,False,False,,['OTHER']
29,4db22a15,False,False,False,,['OTHER']
30,d73c5d68,False,False,False,,['OTHER']
31,70e7b34c,False,False,False,,['OTHER']
32,c131f0d2,False,False,False,,['OTHER']
33,906e81da,False,False,False,,['OTHER']
34,6656d2d3,False,False,False,,['OTHER']
35,50aeb077,False,False,False,,['OTHER']
36,6d2e5f18,False,False,False,,['OTHER']
37,11c962c9,False,False,False,,['OTHER']
38,726fe3c1,False,False,False,,['OTHER']
39,a2829877,False,False,False,,['OTHER']
40,0c08b0ce,False,False,False,,['OTHER']
41,81c6b7af,False,False,False,,['OTHER']
42,f669b283,False,False,False,,['OTHER']
43,809fb842,False,False,False,,['OTHER']
44,a55bb364,False,False,False,,['OTHER']
45,289be02c,False,False,False,,['OTHER']
46,60d97485,False,False,False,,['OTHER']
47,ae66d72e,False,False,False,,['OTHER']
48,2da68e44,False,False,False,,['OTHER']
49,019888aa,False,False,False,,['OTHER']
50,917cd8b4,False,False,False,,['OTHER']
51,7e0dd976,False,False,False,,['OTHER']
52,fd74617a,False,False,False,,['OTHER']
53,c0d211bb,False,False,False,,['OTHER']
54,5bc4198d,False,False,False,,['OTHER']
55,b064f2af,False,False,False,,['OTHER']
56,cfd8c163,False,False,False,,['OTHER']
57,acf4f5a0,False,False,False,,['OTHER']
58,cfe4f039,False,False,False,,['OTHER']
59,4d7aa163,False,False,False,,['OTHER']
60,b3ff814f,False,False,False,,['OTHER']
61,2f9c9796,False,False,False,,['OTHER']
62,5cf7ba65,False,False,False,,['OTHER']
63,320496ba,False,False,False,,['OTHER']
64,6555515a,False,False,False,,['OTHER']
65,55dc7cfe,False,False,False,,['OTHER']
66,5697f691,False,False,False,,['OTHER']
67,4d20d4f7,False,False,False,,['OTHER']
68,034fef12,False,False,False,,['OTHER']
69,85563c95,False,False,False,,['OTHER']
70,770d0138,False,False,False,,['OTHER']
71,19019455,False,False,False,,['OTHER']
72,bf4eadf5,False,False,False,,['OTHER']
73,34120f26,False,False,False,,['OTHER']
74,1e3c8729,False,False,False,,['OTHER']
75,5b4634e4,False,False,False,,['OTHER']
76,ddf39858,False,False,False,,['OTHER']
77,115d2329,False,False,False,,['OTHER']
78,b78a89b9,False,False,False,,['OTHER']
79,1fffe990,False,False,False,,['OTHER']
80,15c6007e,False,False,False,,['OTHER']
81,6ace483e,False,False,False,,['OTHER']
82,4eaa2080,False,False,False,,['OTHER']
83,f7d26acc,False,False,False,,['OTHER']
84,dfa9cf25,False,False,False,,['OTHER']
85,fc256d82,False,False,False,,['OTHER']
86,53f26bc0,False,False,False,,['OTHER']
87,41f6ed43,False,False,False,,['OTHER']
88,20c11afc,False,False,False,,['OTHER']
89,3b457ec1,False,False,False,,['OTHER']
90,46e2754c,False,False,False,,['OTHER']
91,efada877,False,False,False,,['OTHER']
92,08cb07a6,False,False,False,,['OTHER']
93,eda9d299,False,False,False,,['OTHER']
94,c10d83a7,False,False,False,,['OTHER']
95,59fd50f0,False,False,False,,['OTHER']
96,20d5ddae,False,False,False,,['OTHER']
97,65c442dd,False,False,False,,['OTHER']
98,6bbc283d,False,False,False,,['OTHER']
99,c50f4a61,False,False,False,,['OTHER']
100,cfd582d7,False,False,False,,['OTHER']
101,c6d8d8c8,False,False,False,,['OTHER']
102,34fac71f,False,False,False,,['OTHER']
103,4e52c11f,False,False,False,,['OTHER']
104,275f5fca,False,False,False,,['OTHER']
105,634d54f4,False,False,False,,['OTHER']
106,e0108b82,False,False,False,,['OTHER']
107,73f234fd,False,False,False,,['OTHER']
108,1e970e04,False,False,False,,['OTHER']
109,cf00ff64,False,False,False,,['OTHER']
110,3340be03,False,False,False,,['OTHER']
111,c6113053,False,False,False,,['OTHER']
112,f1646364,False,False,False,,['OTHER']
113,f605e480,False,False,False,,['OTHER']
114,dac11409,False,False,False,,['OTHER']
115,3c8ba79e,False,False,False,,['OTHER']
116,6fb2fea2,False,False,False,,['OTHER']
117,952e42ac,False,False,False,,['OTHER']
118,eaec8e6a,False,False,False,,['OTHER']
119,d504dd7d,False,False,False,,['OTHER']
120,87cb606c,False,False,False,,['OTHER']
121,e6df07e9,False,False,False,,['OTHER']
122,41344d51,False,False,False,,['OTHER']
123,7a3883fd,False,False,False,,['OTHER']
124,ee611bbb,False,False,False,,['OTHER']
125,f5edada5,False,False,False,,['OTHER']
126,e8ab3b6b,False,False,False,,['OTHER']
127,9bb8b671,False,False,False,,['OTHER']
128,a78355d2,False,False,False,,['OTHER']
129,eadb3f4d,False,False,False,,['OTHER']
130,e462d3eb,False,False,False,,['OTHER']
131,15adb2ab,False,False,False,,['OTHER']
132,b25cd9eb,False,False,False,,['OTHER']
133,688af9f4,False,False,False,,['OTHER']
134,57bc4466,False,False,False,,['OTHER']
135,919b3c89,False,False,False,,['OTHER']
136,40964cf5,False,False,False,,['OTHER']
137,6691dae4,False,False,False,,['OTHER']
138,916fb5f6,False,False,False,,['OTHER']
139,5f6bdbe9,False,False,False,,['OTHER']
140,35af7382,False,False,False,,['OTHER']
141,47dad231,False,False,False,,['OTHER']
142,9313c608,False,False,False,,['OTHER']
143,8f4b4127,False,False,False,,['OTHER']
144,e044547a,False,False,False,,['OTHER']
145,8c7893b5,False,False,False,,['OTHER']
146,1126745e,False,False,False,,['OTHER']
147,c8fde6a4,False,False,False,,['OTHER']
148,cb8f93eb,False,False,False,,['OTHER']
149,aec6fb76,False,False,False,,['OTHER']
150,5ba491ba,False,False,False,,['OTHER']
151,dff8dbc9,False,False,False,,['OTHER']
152,15227557,False,False,False,,['OTHER']
153,8aac3ac4,False,False,False,,['OTHER']
154,2da1794d,False,False,False,,['OTHER']
155,c96be5f4,False,False,False,,['OTHER']
156,a6d1e83a,False,False,False,,['OTHER']
157,46ccdc24,False,False,False,,['OTHER']
158,8a68881d,False,False,False,,['OTHER']
159,03ca7cf5,False,False,False,,['OTHER']
160,5170e76b,False,False,False,,['OTHER']
161,acf221c5,False,False,False,,['OTHER']
162,b437485e,False,False,False,,['OTHER']
163,f3d032bc,False,False,False,,['OTHER']
164,b4cb7ed9,False,False,False,,['OTHER']
165,f397a994,False,False,False,,['OTHER']
166,33cd166b,False,False,False,,['OTHER']
167,25f39d7c,False,False,False,,['OTHER']
168,d33070be,False,False,False,,['OTHER']
169,eac2c627,False,False,False,,['OTHER']
170,b3a6b3e6,False,False,False,,['OTHER']
171,7448f82d,False,False,False,,['OTHER']
172,bbe09696,False,False,False,,['OTHER']
173,25e23e0c,False,False,False,,['OTHER']
174,49fb50fa,False,False,False,,['OTHER']
175,bc703965,False,False,False,,['OTHER']
176,27c21b4f,False,False,False,,['OTHER']
177,d5e7ae06,False,False,False,,['OTHER']
178,92ade365,False,False,False,,['OTHER']
179,1fc1b194,False,False,False,,['OTHER']
180,1914d079,False,False,False,,['OTHER']
181,bb9bfa55,False,False,False,,['OTHER']
182,fbaef1c5,False,False,False,,['OTHER']
183,cbc3c8d9,False,False,False,,['OTHER']
184,e293ccda,False,False,False,,['OTHER']
185,60b1a299,False,False,False,,['OTHER']
186,1385a9e2,False,False,False,,['OTHER']
187,040ad29d,False,False,False,,['OTHER']
188,4cfb1743,False,False,False,,['OTHER']
189,cdacb2b2,False,False,False,,['OTHER']
190,71c664a2,False,False,False,,['OTHER']
191,616556c2,False,False,False,,['OTHER']
192,625071dd,False,False,False,,['OTHER']
193,5ebd833c,False,False,False,,['OTHER']
194,8a4a7147,False,False,False,,['OTHER']
195,e60add73,False,False,False,,['OTHER']
196,b172658d,False,False,False,,['OTHER']
197,06e13c66,False,False,False,,['OTHER']
198,5fb5f9dc,False,False,False,,['OTHER']
199,a1549eca,False,False,False,,['OTHER']
200,ccc4d63d,False,False,False,,['OTHER']
201,9bc30177,False,False,False,,['OTHER']
202,4e480b73,False,False,False,,['OTHER']
203,bf74d080,False,False,False,,['OTHER']
204,25069053,False,False,False,,['OTHER']
205,50c11e1c,False,False,False,,['OTHER']
206,c7688f0d,False,False,False,,['OTHER']
207,04a38d85,False,False,False,,['OTHER']
208,344569ea,False,False,False,,['OTHER']
209,77031bd4,False,False,False,,['OTHER']
210,979a3b23,False,False,False,,['OTHER']
211,2e9065cf,False,False,False,,['OTHER']
212,e6429563,False,False,False,,['OTHER']
213,1b5cfdb8,False,False,False,,['OTHER']
214,299b046d,False,False,False,,['OTHER']
215,d20b36cc,False,False,False,,['OTHER']
216,9988aa3b,False,False,False,,['OTHER']
217,7aae52ea,False,False,False,,['OTHER']
218,1881dbd8,False,False,False,,['OTHER']
219,4533cee5,False,False,False,,['OTHER']
220,20afa321,False,False,False,,['OTHER']
221,cbba5432,False,False,False,,['OTHER']
222,4f326828,False,False,False,,['OTHER']
223,89a9934e,False,False,False,,['OTHER']
224,1d0af4f4,False,False,False,,['OTHER']
225,0d115884,False,False,False,,['OTHER']
226,90e9060f,False,False,False,,['OTHER']
227,43a9812d,False,False,False,,['OTHER']
228,32265038,False,False,False,,['OTHER']
229,f2ac56b3,False,False,False,,['OTHER']
230,7b24eacd,False,False,False,,['OTHER']
231,14dbe693,False,False,False,,['OTHER']
232,12e83d9f,False,False,False,,['OTHER']
233,6d1104b2,False,False,False,,['OTHER']
234,6a4f8b7a,False,False,False,,['OTHER']
235,5708e3aa,False,False,False,,['OTHER']
236,b1bc0067,False,False,False,,['OTHER']
237,c1691202,False,False,False,,['OTHER']
238,65cbd69a,False,False,False,,['OTHER']
239,20fd92c6,False,False,False,,['OTHER']
240,041a925a,False,False,False,,['OTHER']
241,ffe51f60,False,False,False,,['OTHER']
242,bbfc6aa0,False,False,False,,['OTHER']
243,91d7d8b3,False,False,False,,['OTHER']
244,2741d152,False,False,False,,['OTHER']
245,f9557652,False,False,False,,['OTHER']
246,66d23970,False,False,False,,['OTHER']
247,5cbd756c,False,False,False,,['OTHER']
248,2a4792f9,False,False,False,,['OTHER']
249,205853fb,False,False,False,,['OTHER']
250,9af4de43,False,False,False,,['OTHER']
251,72c1e0b3,False,False,False,,['OTHER']
252,a0e0e0d9,False,False,False,,['OTHER']
253,f8c60c03,False,False,False,,['OTHER']
254,992cb496,False,False,False,,['OTHER']
255,c788a930,False,False,False,,['OTHER']
256,e0e32093,False,False,False,,['OTHER']
257,e06f8a84,False,False,False,,['OTHER']
258,5f9cb5fc,False,False,False,,['OTHER']
259,078ee4cf,False,False,False,,['OTHER']
260,b691617c,False,False,False,,['OTHER']
261,a149bf93,False,False,False,,['OTHER']
262,e225245b,False,False,False,,['OTHER']
263,f3431f94,False,False,False,,['OTHER']
264,da2056ba,False,False,False,,['OTHER']
265,43ffa52f,False,False,False,,['OTHER']
266,5a581855,False,False,False,,['OTHER']
267,157487e1,False,False,False,,['OTHER']
268,88fe8040,False,False,False,,['OTHER']
269,2937ef25,False,False,False,,['OTHER']
270,d0e6e15f,False,False,False,,['OTHER']
271,98a25c2c,False,False,False,,['OTHER']
272,a7489bdb,False,False,False,,['OTHER']
273,18711517,False,False,False,,['OTHER']
274,4a32d44d,False,False,False,,['OTHER']
275,a6165986,False,False,False,,['OTHER']
276,6a25571f,False,False,False,,['OTHER']
277,489a81fd,False,False,False,,['OTHER']
278,bf82cffd,False,False,False,,['OTHER']
279,89d5506f,False,False,False,,['OTHER']
280,3af28279,False,False,False,,['OTHER']
281,2dc775e0,False,False,False,,['OTHER']
282,6095c863,False,False,False,,['OTHER']
283,14b84d08,False,False,False,,['OTHER']
284,1020d9ff,False,False,False,,['OTHER']
285,5a54f258,False,False,False,,['OTHER']
286,7277f4bb,False,False,False,,['OTHER']
287,a300aec3,False,False,False,,['OTHER']
288,d6035320,False,False,False,,['OTHER']
289,7bb3ed83,False,False,False,,['OTHER']
290,1a030ffa,False,False,False,,['OTHER']
291,1a562b92,False,False,False,,['OTHER']
292,d0fbf5a5,False,False,False,,['OTHER']
293,f2f308d4,False,False,False,,['OTHER']
294,7ba1d56a,False,False,False,,['OTHER']
295,4f2f2aad,False,False,False,,['OTHER']
296,7a70be7e,False,False,False,,['OTHER']
297,de01a481,False,False,False,,['OTHER']
298,7f1011bb,False,False,False,,['OTHER']
299,d3ffb11e,False,False,False,,['OTHER']
300,77bbca5f,False,False,False,,['OTHER']
301,b3feb1a9,False,False,False,,['OTHER']
302,4c4a7908,False,False,False,,['OTHER']
303,d01e7096,False,False,False,,['OTHER']
304,543fa34e,False,False,False,,['OTHER']
305,cb33d186,False,False,False,,['OTHER']
306,a04b3e2b,False,False,False,,['OTHER']
307,d03d464d,False,False,False,,['OTHER']
308,37497914,False,False,False,,['OTHER']
309,f106e7e2,False,False,False,,['OTHER']
310,a1644972,False,False,False,,['OTHER']
311,d5774674,False,False,False,,['OTHER']
312,ee161731,False,False,False,,['OTHER']
313,9dfed9f7,False,False,False,,['OTHER']
314,7778f020,False,False,False,,['OTHER']
315,6bd14741,False,False,False,,['OTHER']
316,cd6cce39,False,False,False,,['OTHER']
317,b2e38076,False,False,False,,['OTHER']
318,99bb12eb,False,False,False,,['OTHER']
319,e89ed608,False,False,False,,['OTHER']
320,df85273f,False,False,False,,['OTHER']
321,0170c73e,False,False,False,,['OTHER']
322,4ed3d016,False,False,False,,['OTHER']
323,e06cd384,False,False,False,,['OTHER']
324,5f848e91,False,False,False,,['OTHER']
325,66a3a551,False,False,False,,['OTHER']
326,f5acf30b,False,False,False,,['OTHER']
327,09d3f796,False,False,False,,['OTHER']
328,a76cb3f9,False,False,False,,['OTHER']
329,82c0de5d,False,False,False,,['OTHER']
330,2f89b53a,False,False,False,,['OTHER']
331,48306065,False,False,False,,['OTHER']
332,d4cc42bb,False,False,False,,['OTHER']
333,bd260a1a,False,False,False,,['OTHER']
334,bfe8ba1e,False,False,False,,['OTHER']
335,3a2f2956,False,False,False,,['OTHER']
336,d8c09d2b,False,False,False,,['OTHER']
337,e3219c48,False,False,False,,['OTHER']
338,2ad6ce12,False,False,False,,['OTHER']
339,39fc9831,False,False,False,,['OTHER']
340,140d3285,False,False,False,,['OTHER']
341,88b3b4ba,False,False,False,,['OTHER']
342,ddee51e4,False,False,False,,['OTHER']
343,8a18df7a,False,False,False,,['OTHER']
344,5599d251,False,False,False,,['OTHER']
345,55da9691,False,False,False,,['OTHER']
346,67e8aee5,False,False,False,,['OTHER']
347,bfb9ea99,False,False,False,,['OTHER']
348,c794b447,False,False,False,,['OTHER']
349,eb2950cf,False,False,False,,['OTHER']
350,bfb18842,False,False,False,,['OTHER']
351,05c5cc61,False,False,False,,['OTHER']
352,be0f8110,False,False,False,,['OTHER']
353,c7a7b56d,False,False,False,,['OTHER']
354,6d0d0a52,False,False,False,,['OTHER']
355,92721d21,False,False,False,,['OTHER']
356,2d50d7b8,False,False,False,,['OTHER']
357,8e1c4428,False,False,False,,['OTHER']
358,1fa54c87,False,False,False,,['OTHER']
359,d3ae4237,False,False,False,,['OTHER']
360,8aeccc79,False,False,False,,['OTHER']
361,14044949,False,False,False,,['OTHER']
362,f897fe60,False,False,False,,['OTHER']
363,b3ebf74f,False,False,False,,['OTHER']
364,93e5b69a,False,False,False,,['OTHER']
365,368851ea,False,False,False,,['OTHER']
366,ed081b61,False,False,False,,['OTHER']
367,6d05afa5,False,False,False,,['OTHER']
368,8c982082,False,False,False,,['OTHER']
369,cd266704,False,False,False,,['OTHER']
370,a9fc96f4,False,False,False,,['OTHER']
371,36a2195d,False,False,False,,['OTHER']
372,1e39d4b7,False,False,False,,['OTHER']
373,60838407,False,False,False,,['OTHER']
374,0a7c966b,False,False,False,,['OTHER']
375,aea20cb1,False,False,False,,['OTHER']
376,c38f7c94,False,False,False,,['OTHER']
377,48103eee,False,False,False,,['OTHER']
378,43c9b737,False,False,False,,['OTHER']
379,0e8a7c39,False,False,False,,['OTHER']
380,9a4eb23a,False,False,False,,['OTHER']
381,7a09d51d,False,False,False,,['OTHER']
382,cfd40609,False,False,False,,['OTHER']
383,3bf0b838,False,False,False,,['OTHER']
384,e9693aa7,False,False,False,,['OTHER']
385,f3a90b1f,False,False,False,,['OTHER']
386,55443ad9,False,False,False,,['OTHER']
387,dc667bac,False,False,False,,['OTHER']
388,058d34a7,False,False,False,,['OTHER']
389,c6ef281f,False,False,False,,['OTHER']
390,6d568fd9,False,False,False,,['OTHER']
391,3c9b0b72,False,False,False,,['OTHER']
392,7acb6b85,False,False,False,,['OTHER']
393,867d557d,False,False,False,,['OTHER']
394,fd530b3a,False,False,False,,['OTHER']
395,848cdd24,False,False,False,,['OTHER']
396,a3ce2643,False,False,False,,['OTHER']
397,29eed9e3,False,False,False,,['OTHER']
398,4c425599,False,False,False,,['OTHER']
399,a3f781e6,False,False,False,,['OTHER']
400,9b019692,False,False,False,,['OTHER']
401,5231baf0,False,False,False,,['OTHER']
402,fb6c01de,False,False,False,,['OTHER']
403,83fd35db,False,False,False,,['OTHER']
404,0940ef7c,False,False,False,,['OTHER']
405,5dc0f5bc,False,False,False,,['OTHER']
406,d6d729f9,False,False,False,,['OTHER']
407,b3b61690,False,False,False,,['OTHER']
408,4b919bde,False,False,False,,['OTHER']
409,3dfa215c,False,False,False,,['OTHER']
410,4907bdfd,False,False,False,,['OTHER']
411,bfb53396,False,False,False,,['OTHER']
412,532a3531,False,False,False,,['OTHER']
413,e6564106,False,False,False,,['OTHER']
414,f3424830,False,False,False,,['OTHER']
415,a41d60e2,False,False,False,,['OTHER']
416,bfde4fb1,False,False,False,,['OTHER']
417,dfaaac19,False,False,False,,['OTHER']
418,8cce5aa9,False,False,False,,['OTHER']
419,e77367bd,False,False,False,,['OTHER']
420,b32e7605,False,False,False,,['OTHER']
421,0e4d4491,False,False,False,,['OTHER']
422,00d57eb9,False,False,False,,['OTHER']
423,429826e6,False,False,False,,['OTHER']
424,5c596227,False,False,False,,['OTHER']
425,f787937e,False,False,False,,['OTHER']
426,db89b6e3,False,False,False,,['OTHER']
427,b3f938bb,False,False,False,,['OTHER']
428,cabb19f4,False,False,False,,['OTHER']
429,8f4f3763,False,False,False,,['OTHER']
430,8f32e95b,False,False,False,,['OTHER']
431,627e6ed1,False,False,False,,['OTHER']
432,f0b71316,False,False,False,,['OTHER']
433,81419ba8,False,False,False,,['OTHER']
434,720ce32e,False,False,False,,['OTHER']
435,d6f6a0a8,False,False,False,,['OTHER']
436,c4886d4a,False,False,False,,['OTHER']
437,ec26511b,False,False,False,,['OTHER']
438,1d7527a8,False,False,False,,['OTHER']
439,5104541b,False,False,False,,['OTHER']
440,c002d2b9,False,False,False,,['OTHER']
441,218f008d,False,False,False,,['OTHER']
442,6702186c,False,False,False,,['OTHER']
443,a5f814b1,False,False,False,,['OTHER']
444,ae4b41f3,False,False,False,,['OTHER']
445,5b08c096,False,False,False,,['OTHER']
446,1b934491,False,False,False,,['OTHER']
447,6ffd3715,False,False,False,,['OTHER']
448,59ad270b,False,False,False,,['OTHER']
449,40af24b1,False,False,False,,['OTHER']
450,9bcf70f4,False,False,False,,['OTHER']
451,f7744514,False,False,False,,['OTHER']
452,8df62353,False,False,False,,['OTHER']
453,bfef2c33,False,False,False,,['OTHER']
454,d0ddac2a,False,False,False,,['OTHER']
455,72b193d5,False,False,False,,['OTHER']
456,121804f3,False,False,False,,['OTHER']
457,ce518462,False,False,False,,['OTHER']
458,a5922183,False,False,False,,['OTHER']
459,b113db76,False,False,False,,['OTHER']
460,dd93be84,False,False,False,,['OTHER']
461,49215daa,False,False,False,,['OTHER']
462,d5bfeab1,False,False,False,,['OTHER']
463,f881c16e,False,False,False,,['OTHER']
464,75f33cc0,False,False,False,,['OTHER']
465,4fc34376,False,False,False,,['OTHER']
466,1b844055,False,False,False,,['OTHER']
467,585b91e8,False,False,False,,['OTHER']
468,71162783,False,False,False,,['OTHER']
469,ec51905e,False,False,False,,['OTHER']
470,41df33f3,False,False,False,,['OTHER']
471,ea3dc08a,False,False,False,,['OTHER']
472,c96051cd,False,False,False,,['OTHER']
473,8b49b02c,False,False,False,,['OTHER']
474,36a92c9d,False,False,False,,['OTHER']
475,c6b19bb5,False,False,False,,['OTHER']
476,19f88c90,False,False,False,,['OTHER']
477,521c75ee,False,False,False,,['OTHER']
478,44e26310,False,False,False,,['OTHER']
479,241a0838,False,False,False,,['OTHER']
480,78ea7bb3,False,False,False,,['OTHER']
481,b43e22da,False,False,False,,['OTHER']
482,12b5113a,False,False,False,,['OTHER']
483,cbcf5bd1,False,False,False,,['OTHER']
484,19ab3c6e,False,False,False,,['OTHER']
485,0ca14877,False,False,False,,['OTHER']
486,daf438ea,False,False,False,,['OTHER']
487,a7821a78,False,False,False,,['OTHER']
488,177a1c9f,False,False,False,,['OTHER']
489,5cc87285,False,False,False,,['OTHER']
490,bbdf7b38,False,False,False,,['OTHER']
491,5cbb8ebb,False,False,False,,['OTHER']
492,18de95b3,False,False,False,,['OTHER']
493,05a364c9,False,False,False,,['OTHER']
494,eb4b220a,False,False,False,,['OTHER']
495,331d54cf,False,False,False,,['OTHER']
496,a468789c,False,False,False,,['OTHER']
497,88a04423,False,False,False,,['OTHER']
498,f379cb75,False,False,False,,['OTHER']
499,481569a1,False,False,False,,['OTHER']
500,0ccad99f,False,False,False,,['OTHER']
501,7b189478,False,False,False,,['OTHER']
502,4be3523e,False,False,False,,['OTHER']
503,81df6190,False,False,False,,['OTHER']
504,79424f0a,False,False,False,,['OTHER']
505,42171f87,False,False,False,,['OTHER']
506,fc23f818,False,False,False,,['OTHER']
507,dd8025f2,False,False,False,,['OTHER']
508,c6ed663d,False,False,False,,['OTHER']
509,2999a13f,False,False,False,,['OTHER']
510,4bcd51d0,False,False,False,,['OTHER']
511,67c20ed9,False,False,False,,['OTHER']
512,7004b28e,False,False,False,,['OTHER']
513,3bb6ca85,False,False,False,,['OTHER']
514,523954a7,False,False,False,,['OTHER']
515,6e039194,False,False,False,,['OTHER']
516,1491a2a0,False,False,False,,['OTHER']
517,907f9357,False,False,False,,['OTHER']
518,fba854dd,False,False,False,,['OTHER']
519,49a77d21,False,False,False,,['OTHER']
520,3a5d5ae5,False,False,False,,['OTHER']
521,192b09ff,False,False,False,,['OTHER']
522,548b21b1,False,False,False,,['OTHER']
523,f7b19ef3,False,False,False,,['OTHER']
524,6efe6bad,False,False,False,,['OTHER']
525,4c677813,False,False,False,,['OTHER']
526,f1463b5d,False,False,False,,['OTHER']
527,ed35e03b,False,False,False,,['OTHER']
528,c109a52d,False,False,False,,['OTHER']
529,2ae7a715,False,False,False,,['OTHER']
530,6963b172,False,False,False,,['OTHER']
531,ffe961ff,False,False,False,,['OTHER']
532,c6532662,False,False,False,,['OTHER']
533,9b2c7cd7,False,False,False,,['OTHER']
534,33ff2a74,False,False,False,,['OTHER']
535,a6d64038,False,False,False,,['OTHER']
536,a041822a,False,False,False,,['OTHER']
537,886025e0,False,False,False,,['OTHER']
538,cf31397b,False,False,False,,['OTHER']
539,c440e44f,False,False,False,,['OTHER']
540,b9557b11,False,False,False,,['OTHER']
541,9e514625,False,False,False,,['OTHER']
542,f87ad650,False,False,False,,['OTHER']
543,fd3a71af,False,False,False,,['OTHER']
544,d41a42f0,False,False,False,,['OTHER']
545,739a52a3,False,False,False,,['OTHER']
546,4732f39e,False,False,False,,['OTHER']
547,d97a0ab2,False,False,False,,['OTHER']
548,d6c8e1f2,False,False,False,,['OTHER']
549,e037de39,False,False,False,,['OTHER']
550,9a0ae528,False,False,False,,['OTHER']
551,fff9a428,False,False,False,,['OTHER']
552,cc7ffa32,False,False,False,,['OTHER']
553,ecd4600f,False,False,False,,['OTHER']
554,cd195502,False,False,False,,['OTHER']
555,db972904,False,False,False,,['OTHER']
556,b0433a81,False,False,False,,['OTHER']
557,51dc18b1,False,False,False,,['OTHER']
558,28345f8b,False,False,False,,['OTHER']
559,08b463ba,False,False,False,,['OTHER']
560,b5200a63,False,False,False,,['OTHER']
561,cf7c9e90,False,False,False,,['OTHER']
562,750b18e6,False,False,False,,['OTHER']
563,adb58493,False,False,False,,['OTHER']
564,c9d0486a,False,False,False,,['OTHER']
565,f70b488e,False,False,False,,['OTHER']
566,5eb22224,False,False,False,,['OTHER']
567,37098ba3,False,False,False,,['OTHER']
568,a5c083bd,False,False,False,,['OTHER']
569,43c05d20,False,False,False,,['OTHER']
570,cfc5d486,False,False,False,,['OTHER']
571,c5feb0b8,True,False,False,MojoFailureException,"['MojoFailureException', 'CompilationFailureException']"
572,8a32f79f,True,False,False,MojoFailureException,"['MojoFailureException', 'CompilationFailureException']"
573,d00e408d,True,False,False,MojoFailureException,"['MojoFailureException', 'CompilationFailureException']"
574,0d3aa8cd,True,False,False,MojoFailureException,"['MojoFailureException', 'CompilationFailureException']"
575,dcf51cea,True,False,False,MojoFailureException,"['MojoFailureException', 'CompilationFailureException']"
576,19f37534,True,False,False,ArtifactResolutionException,"['MojoFailureException', 'CompilationFailureException']"
577,ccc57fd8,True,False,False,MojoFailureException,"['MojoFailureException', 'CompilationFailureException']"
578,35645eb9,True,False,False,MojoFailureException,"['MojoFailureException', 'CompilationFailureException']"
579,aa73aec5,True,False,False,MojoFailureException,"['MojoFailureException', 'CompilationFailureException']"
580,8e8d74d5,True,False,False,MojoFailureException,"['MojoFailureException', 'CompilationFailureException']"
581,ebb489a2,True,False,False,MojoFailureException,"['MojoFailureException', 'CompilationFailureException']"
582,59eba0c5,True,False,False,MojoFailureException,"['MojoFailureException', 'CompilationFailureException']"
583,d2e3bbd1,True,False,False,MojoFailureException,"['MojoFailureException', 'CompilationFailureException']"
584,c5feabda,True,False,False,MojoFailureException,"['MojoFailureException', 'CompilationFailureException']"
585,96e2a758,True,False,False,MojoFailureException,"['MojoFailureException', 'CompilationFailureException']"
586,2ecd15ad,True,False,False,MojoFailureException,"['MojoFailureException', 'CompilationFailureException']"
587,545508f6,True,False,False,MojoFailureException,"['MojoFailureException', 'CompilationFailureException']"
588,870fb39c,True,False,False,MojoFailureException,"['MojoFailureException', 'CompilationFailureException']"
589,8a513238,True,False,False,MojoFailureException,"['MojoFailureException', 'CompilationFailureException']"
590,14f2cd2c,True,False,False,MojoFailureException,"['MojoFailureException', 'CompilationFailureException']"
591,24d9c89a,True,False,False,MojoFailureException,"['MojoFailureException', 'CompilationFailureException']"
592,f6132445,True,False,False,MojoFailureException,"['MojoFailureException', 'CompilationFailureException']"
593,9b0c92e6,True,False,False,MojoFailureException,"['MojoFailureException', 'CompilationFailureException']"
594,69fe2abe,True,False,False,MojoFailureException,"['MojoFailureException', 'CompilationFailureException']"
595,8b6b8edb,True,False,False,MojoFailureException,"['MojoFailureException', 'CompilationFailureException']"
596,510f33f7,True,False,False,MojoFailureException,"['MojoFailureException', 'CompilationFailureException']"
597,5d09d58e,True,False,False,MojoFailureException,"['MojoFailureException', 'CompilationFailureException']"
598,4d5e9f1f,True,False,False,MojoFailureException,"['MojoFailureException', 'CompilationFailureException']"
599,06691b18,True,False,False,MojoFailureException,"['MojoFailureException', 'CompilationFailureException']"
600,3e1bced5,True,False,False,MojoFailureException,"['MojoFailureException', 'CompilationFailureException']"
601,de08fb06,True,False,False,MojoFailureException,"['MojoFailureException', 'CompilationFailureException']"
602,60bf491e,True,False,False,MojoFailureException,"['MojoFailureException', 'CompilationFailureException']"
603,f2e2395d,True,False,False,MojoFailureException,"['MojoFailureException', 'CompilationFailureException']"
604,448cdbb0,True,False,False,MojoFailureException,"['MojoFailureException', 'CompilationFailureException']"
605,ba476b3e,True,False,False,MojoFailureException,"['MojoFailureException', 'CompilationFailureException']"
606,35c3770c,True,False,False,MojoFailureException,"['MojoFailureException', 'CompilationFailureException']"
607,04f50f8f,True,False,False,MojoFailureException,"['MojoFailureException', 'CompilationFailureException']"
608,d32eb107,True,False,False,MojoFailureException,"['MojoFailureException', 'CompilationFailureException']"
609,8a92f6f5,True,False,False,MojoFailureException,"['MojoFailureException', 'CompilationFailureException']"
610,44f99383,True,False,False,MojoFailureException,"['MojoFailureException', 'CompilationFailureException']"
611,89d6f9a9,True,False,False,MojoFailureException,"['MojoFailureException', 'CompilationFailureException']"
612,53bdc28c,True,False,False,MojoFailureException,"['MojoFailureException', 'CompilationFailureException']"
613,bfcf956f,True,False,False,MojoFailureException,"['MojoFailureException', 'CompilationFailureException']"
614,613c8d36,True,False,False,MojoFailureException,"['MojoFailureException', 'CompilationFailureException']"
615,8b944c6a,True,False,False,MojoFailureException,"['MojoFailureException', 'CompilationFailureException']"
616,a83b959b,True,False,False,MojoFailureException,"['MojoFailureException', 'CompilationFailureException']"
617,4d564534,True,False,False,MojoFailureException,"['MojoFailureException', 'CompilationFailureException']"
618,5fa3832c,True,False,False,MojoFailureException,"['MojoFailureException', 'CompilationFailureException']"
619,19114c48,True,False,False,MojoFailureException,"['MojoFailureException', 'CompilationFailureException']"
620,bb7fbe99,True,False,False,MojoFailureException,"['MojoFailureException', 'CompilationFailureException']"
621,1e30d6f4,True,False,False,MojoFailureException,"['MojoFailureException', 'CompilationFailureException']"
622,5e6b6049,True,False,False,MojoFailureException,"['MojoFailureException', 'CompilationFailureException']"
623,b08a41ce,True,False,False,MojoFailureException,"['MojoFailureException', 'CompilationFailureException']"
624,1cef7a4f,True,False,False,MojoFailureException,"['MojoFailureException', 'CompilationFailureException']"
625,e54df570,True,False,False,MojoFailureException,"['MojoFailureException', 'CompilationFailureException']"
626,1c3e1e07,True,False,False,MojoFailureException,"['MojoFailureException', 'CompilationFailureException']"
627,62651470,True,False,False,MojoFailureException,"['MojoFailureException', 'CompilationFailureException']"
628,ba7638b5,True,False,False,MojoFailureException,"['MojoFailureException', 'CompilationFailureException']"
629,bf8e2803,True,False,False,MojoFailureException,"['MojoFailureException', 'CompilationFailureException']"
630,50befee8,True,False,False,MojoFailureException,"['MojoFailureException', 'CompilationFailureException']"
631,42e22e35,True,False,False,MojoFailureException,"['MojoFailureException', 'CompilationFailureException']"
632,6c5ec0c2,True,False,False,MojoFailureException,"['MojoFailureException', 'CompilationFailureException']"
633,2f1ce389,True,False,False,PluginExecutionException,['MojoExecutionException']
634,36c2e420,True,False,False,PluginExecutionException,['MojoExecutionException']
635,f9a76c13,True,False,False,PluginExecutionException,['MojoExecutionException']
636,e64d4d72,True,False,False,PluginExecutionException,['MojoExecutionException']
637,6a436b46,True,False,False,PluginExecutionException,['MojoExecutionException']
638,0283dc49,True,True,False,,['MojoExecutionException']
639,d541a11e,True,True,False,,['MojoExecutionException']
640,00dcddf2,True,False,False,MojoExecutionException,['MojoExecutionException']
641,c500afdc,True,True,False,,['MojoExecutionException']
642,24335432,True,True,False,,['MojoExecutionException']
643,3bded4e7,True,True,False,,['MojoExecutionException']
644,0deb0b95,True,True,False,,['MojoExecutionException']
645,5f4e6156,True,True,False,,['MojoExecutionException']
646,1f1a0dae,True,True,False,,['MojoExecutionException']
647,656e90a7,True,True,False,,['MojoExecutionException']
648,44bdc7b5,True,True,False,,['MojoExecutionException']
649,8b4e9532,True,True,False,,['MojoExecutionException']
650,2589f167,True,False,False,ArtifactResolutionException,['MojoExecutionException']
651,9cc0de72,True,True,False,,['MojoExecutionException']
652,9a9e26d8,True,True,False,,['MojoExecutionException']
653,197bcbbe,True,True,False,,['MojoExecutionException']
654,2ee71148,True,True,False,,['MojoExecutionException']
655,2b38215d,True,True,False,,['MojoExecutionException']
656,2ec659a9,True,True,False,,['MojoExecutionException']
657,8afa4f5a,True,True,False,,['MojoExecutionException']
658,94745126,True,True,False,,['MojoExecutionException']
659,6caa7cce,True,True,False,,['MojoExecutionException']
660,ef140200,True,True,False,,['MojoExecutionException']
661,e84fa6f3,True,True,False,,['MojoExecutionException']
662,5f4f9d64,True,True,False,,['MojoExecutionException']
663,2d9b2121,True,True,False,,['MojoExecutionException']
664,2ad0daeb,True,True,False,,['MojoExecutionException']
665,ebb9586e,True,True,False,,['MojoExecutionException']
666,4854c5b4,True,True,False,,['MojoExecutionException']
667,5f9b023a,True,True,False,,['MojoExecutionException']
668,aa22469e,True,True,False,,['MojoExecutionException']
669,96976e00,True,True,False,,['MojoExecutionException']
670,73c4da19,True,True,False,,['MojoExecutionException']
671,07e52159,True,True,False,,['MojoExecutionException']
672,2da9ebf7,True,False,False,ArtifactResolutionException,"['ArtifactResolutionException', 'ProjectBuildingException', 'UnresolvableModelException']"
673,3a7268c0,True,True,False,,['MojoExecutionException']
674,98dfd3fe,True,True,False,,['MojoExecutionException']
675,f6bef757,True,True,False,,['MojoExecutionException']
676,b93a02fd,True,True,False,,['MojoExecutionException']
677,a036562c,True,False,False,MojoFailureException,['MojoExecutionException']
678,3a21bbef,True,True,False,,['MojoExecutionException']
679,b0c57baa,True,True,False,,['MojoExecutionException']
680,fa3b7914,True,True,False,,['MojoExecutionException']
681,5b11a7b0,True,True,False,,['MojoExecutionException']
682,a0d96c14,True,True,False,,['MojoExecutionException']
683,3f7435da,True,True,False,,['MojoExecutionException']
684,314a2fd7,True,True,False,,['MojoExecutionException']
685,99c3ee65,True,True,False,,['MojoExecutionException']
686,69cfb3bc,True,True,False,,['MojoExecutionException']
687,7ff5b466,True,True,False,,['MojoExecutionException']
688,31540bec,True,True,False,,['MojoExecutionException']
689,1342bedd,True,True,False,,['MojoExecutionException']
690,55fe457e,True,True,False,,['MojoExecutionException']
691,bdf02ec4,True,True,False,,['MojoExecutionException']
692,f10f03fe,True,True,False,,['MojoExecutionException']
693,cf6eef40,True,True,False,,['MojoExecutionException']
694,620e8a35,True,True,False,,['MojoExecutionException']
695,7c41f4f8,True,True,False,,['MojoExecutionException']
696,2fd388d1,True,True,False,,['MojoExecutionException']
697,395a7c4f,True,True,False,,['MojoExecutionException']
698,0a51f188,True,True,False,,['MojoExecutionException']
699,8c560714,True,True,False,,['MojoExecutionException']
700,f661b854,True,True,False,,['MojoExecutionException']
701,74f34b90,True,True,False,,['MojoExecutionException']
702,7ea80510,True,True,False,,['MojoExecutionException']
703,1e1a585c,True,True,False,,['MojoExecutionException']
704,4b10fee2,True,True,False,,['MojoExecutionException']
705,c7c38153,True,True,False,,['MojoExecutionException']
706,6bb985a5,True,True,False,,['MojoExecutionException']
707,6044e503,True,True,False,,['MojoExecutionException']
708,b6333f2c,True,True,False,,['MojoExecutionException']
709,837ada35,True,True,False,,['MojoExecutionException']
710,fda54012,True,True,False,,['MojoExecutionException']
711,1d4a3027,True,True,False,,['MojoExecutionException']
712,3416490a,True,True,False,,['MojoExecutionException']
713,80ec52f6,True,True,False,,['MojoExecutionException']
714,10d25a61,True,True,False,,['MojoExecutionException']
715,66ecee04,True,True,False,,['MojoExecutionException']
716,5f54143d,True,True,False,,['MojoExecutionException']
717,a3eb9622,True,True,False,,['MojoExecutionException']
718,725f6b0e,True,True,False,,['MojoExecutionException']
719,4cdd6c71,True,True,False,,['MojoExecutionException']
720,e46846c6,True,True,False,,['MojoExecutionException']
721,7f94bb98,True,True,False,,['MojoExecutionException']
722,33eab72d,True,True,False,,['MojoExecutionException']
723,bdc5aedd,True,True,False,,['MojoExecutionException']
724,38acdb2c,True,True,False,,['MojoExecutionException']
725,0610e68c,True,True,False,,['MojoExecutionException']
